evolution$generation,macroGrowthRate,macroInteractionDecay,macroInteractionWeight,macroInteractionGamma,mesoAlpha,mesoBeta,mesoNdiff,mesoTimeSteps,macroMesoAlphaUpdateMax,macroMesoBetaUpdateMax,mesoMacroCongestionCost,mesoMacroDecayUpdateMax,macroHierarchy,mesoAggregation,mesoDistance,evolution$samples
4100,0.04467837899873437,423.42445150798943,0.01,5.0,3.587542322895896,0.0,4.848507894414525,3.338955621096996,0.19535402399107077,-0.15308609546479718,9.278249879828651,-0.09988883237759583,-1.4965849749424742,-5.155345658652631,0.1647299894289409,39
4100,0.013627991596861464,163.58292912285634,0.0,2.3802500701123765,2.4558413391068705,0.1,2.4582833500515218,16.4107851270038,-0.19069754219638604,0.2,3.6612623280569565,0.004952913105162049,-28.912223257194377,-1.6945827147153878,0.10406067794217617,3
4100,0.047012764374697924,420.2009789135782,0.009968790351409424,4.2422180760918575,0.5,0.0,4.953256928182343,12.187129217306225,0.07853851416846175,-0.19338063476754505,9.898082447057252,0.09432950351232106,-1.4972854341013457,-5.636620748595264,0.36719074632162507,3
4100,0.02105906456611371,20.0,0.0010401515630703549,0.5,3.1882289409059728,0.06753260174631436,4.700854843952982,19.772376453048597,0.2,0.19999998341474917,0.0,-0.1924888754941207,-25.560435598281337,-1.0597393408431635,-1931.8492289387093,1
4100,0.041841725961454704,404.64369436782124,0.01,5.0,0.5,0.0,4.842696105504119,11.584799051617633,-0.09288520718698819,-0.14848562737322218,9.985521615867732,0.12720539655607477,-1.5025323793305931,-5.500015713185188,0.5934366755548327,1
4100,0.049993526842036465,372.6468475897184,0.007408055634471116,2.8098298931479126,5.0,0.09868051931854432,4.572289619681107,6.755569184929908,-0.005949582578000212,0.2,10.0,0.00756748402871929,-20.396895735934375,-2.5582860256944437,-261778.0100561524,1
4100,0.03493320235904681,416.26530075979326,0.0024480174935517123,3.463766968587406,1.7755514964176362,0.0,1.8820581435645067,20.0,0.18046059812373688,0.2,2.840407658255036,-0.2,-1.1160943265250163,-5.423719704725325,0.1435139435019286,2
4100,0.04584560269460296,495.60327375996485,0.009992049973884204,3.715207845309886,5.0,0.09866367996049469,4.0491681578721925,3.911869121444666,0.1722234023365325,0.2,0.5661757688062042,-0.17524544931917174,-10.040016651306592,-3.9868672712106075,-4514.001532007793,1
4100,0.05,210.08515935989098,0.005383337358664978,4.6596472422759145,1.9574790029326636,0.07133425972980922,1.7201713338901925,9.104174077687887,0.19973677931013223,0.2,0.04931870931370562,-0.19351861488447702,-2.504544402742702,-4.690119622616505,-103406.10682888787,1
4100,0.05,408.3847316363113,0.007384617636330113,3.350318553334198,4.842640065249758,0.0929025116663681,4.065396013637745,3.021677837709789,0.1177543572982318,0.2,3.493105989990875,0.07413730101154126,-8.462392724275528,-3.8692405887154755,-197590.48463304248,2
4100,0.027924690767749956,428.31675330996154,0.007906798182840827,3.020529188577359,4.918599055904236,0.1,2.890532095550731,9.312152332670808,0.1193039735176668,0.2,4.2874260737899546,0.2,-15.376103695475845,-3.0227313627087833,-217406.45437423614,2
4100,0.05,483.4840384028854,0.007434809950909163,2.117206057518909,3.668169732663096,0.0942113276351751,1.0,10.989052728760456,0.0029152557070050433,0.1999559566586649,3.661161828653295,0.03648019024013896,-6.810254572124815,-4.115683553774502,-151079.79034863587,1
4100,0.047076561485740305,480.96433437059284,0.007013420218443903,1.6406458789622627,4.005892767424912,0.09994521665293053,1.1971295607104373,12.121371614506758,-0.17288326588725933,0.19999718223605817,3.4421155496559486,0.07015300747011771,-9.870096915542014,-3.788004928185772,-53666.046473096416,1
4100,0.049053854437103306,482.57759796885307,0.0074537286656584135,2.1704089153663153,3.8908011123923902,0.09374194601605149,1.3298558902922655,10.41098706952293,0.028291893827464554,0.1999653189307125,3.6750141869475472,0.05976225378631511,-6.796625608067042,-4.185504609224876,-137297.23433484256,1
4100,0.014882807424854042,494.8558166972827,0.009144109777777703,5.0,5.0,0.0985399612233126,1.6210996564884899,16.77662500617344,-0.07508251518341302,0.2,5.619107200439311,0.16956203132516917,-13.358627568554152,-3.2674799600203053,-30113.094695685995,1
4100,0.05,389.7606976723056,0.007121834229267023,2.80249713457724,4.1817276712170255,0.1,4.632038495404439,3.9201834087161105,0.06031750899019028,0.2,3.2787284798987293,0.07903977338805984,-9.661211096888087,-3.917818463456679,-50276.05091449262,1
4100,0.045780713229844366,433.0599697888009,0.007255446207789061,2.8660112322733444,4.325213887451379,0.09380301769342529,4.203094527722053,3.5424625763419746,0.09021856115299387,0.184520323456639,1.9216935017699313,0.04665583661508674,-5.389483229261376,-3.9160814449919794,-39620.02446780918,2
4100,0.05,494.1855607208991,0.007444261884013326,2.0955808077602933,3.6834112847812324,0.09414883481925954,1.3297343928665493,10.427455818424779,0.004287935893672323,0.1999624798309253,3.6872314312432755,0.05601537397288048,-6.952596851641643,-4.207188774489727,-41467.254349033734,1
4100,0.027929036574243046,389.3689858207066,0.007783147031797801,2.1760679402977994,4.664745991810724,0.09688137046662203,2.888326157777496,9.047848539362702,0.18068226821910055,0.2,4.505102259550437,0.19345498515425835,-14.860315285001136,-3.183802419953047,-18533.672701186184,2
4100,0.0461951830621353,500.0,0.007319833827173225,2.3929908983379287,3.572346771938033,0.09496354076743033,1.304083087528996,10.309664645516532,5.505681524733963E-4,0.1999551537160707,3.76842258370277,0.057710467432497026,-7.117133077034051,-4.110416991421337,-25370.026499240867,1
4100,0.04796417087837314,284.2355141458773,0.0050328846153258,3.297844926874479,4.998762659119409,0.08033410676306203,4.5799807549577345,3.575923116459333,0.13463816784582466,0.2,0.9142284670069118,0.2,-6.095153513109358,-4.174544441025326,-15088.074564206598,2
4100,0.05,499.8874134997487,0.009863726853363832,3.4751029045642636,4.980677222828297,0.099900902230954,4.176005709125766,3.458645939269382,0.19810609623979808,0.2,0.39519682769258446,-0.2,-10.335671447820049,-3.114634187621345,-23625.611295650477,2
4100,0.004488106136476808,342.7886849699925,0.006525214507935113,4.820785920371151,2.408120342828337,0.09375478765161752,4.27700866971756,7.346428536049874,0.05409544610106165,0.2,4.992792150927329,-0.017444123435654824,-22.560324317564103,-2.2774713531705784,-7059.495494470599,2
4100,0.04996716925860858,500.0,0.009988595400510938,3.4425493014681194,5.0,0.1,4.054807571594422,5.141950241823772,0.2,0.1999331700743962,0.024475930730702637,-0.19940491086657772,-17.770257878860065,-2.9173654391949517,-12639.036240312209,1
4100,0.03083058955235403,442.5366372583531,0.008743948850958218,3.3381578275701598,4.860827013796958,0.1,2.8665666140628048,7.555731505406992,-0.1661481898973483,0.2,0.8899560143439983,0.08157115557678496,-12.1744857802358,-3.507076524727713,-4611.009926548211,1
4100,0.046435046767486256,487.6946636288424,0.009991277562139892,3.604876776194922,4.990115148842482,0.0999924916688709,4.048017673041542,4.421362918154525,0.17180207097273004,0.2,0.9247598269615122,-0.19854212862606124,-13.752843180412276,-3.187717487032705,-40468.00292805985,1
4100,0.033795252805849454,425.787522570819,0.008572347467790798,3.296229952443216,5.0,0.09973927047547679,2.7658283112648725,7.742859262703451,-0.16423502769621104,0.2,1.0740690242729605,0.10855357847590791,-11.841439447381363,-3.631791506450034,-10601.216039385901,1
4100,0.04487315934908737,500.0,0.008315991133768706,3.4830054575793095,5.0,0.09876072808735509,4.087210482741204,5.027003736749068,0.2,0.19995454476163083,0.019942816565152927,-0.16088458574834455,-17.23924295364518,-2.908957993915224,-23759.331241249667,1
4100,0.04646138069221948,487.7244770783747,0.009991501957422126,3.5986319966953864,4.991484202739153,0.1,4.047776624448925,4.367036447519971,0.1718413515826342,0.1999999999999999,0.94550714912492,-0.19758697041765122,-14.095694855904608,-3.274667592725698,-7592.195418587889,2
4100,0.05,499.7898453439568,0.007350544655837754,2.701003798055709,4.688785522256115,0.1,4.233488231201605,2.2657994772189785,0.12762928071385515,0.2,3.257718604280964,0.041433216962355635,-6.620753768197547,-4.390853597264714,-9188.685037534031,2
4100,0.04941162197929156,398.9189329364137,0.00747183982574351,2.9935020599370685,4.0239107861237775,0.1,2.9123065351903605,14.461605552761059,0.18829413867375394,0.2,7.7044561599673145,-0.16400674571015017,-25.09740981076771,-2.2443340272059995,-8798.5671065281,1
4100,0.04564815814883119,499.99999999999983,0.01,3.614037235367783,4.999868217263684,0.1,4.0490546909067024,4.062019709491537,0.17130158630573916,0.1999999999999999,0.7468334769837871,-0.2,-14.027912608947823,-3.2745977249442095,-11561.90237629786,2
4100,0.04990009793375677,412.28451855102963,0.007842125685208283,3.274543458600401,4.771944756090667,0.09240366315218462,4.063678300156637,3.1601426263380796,0.11553235135711643,0.1999999999999999,3.4831597921946607,0.16136474280724317,-8.688726806560913,-4.076804353284289,-4088.733728664936,1
4100,0.0485263000465202,270.7722239594991,0.005122600690838223,3.2105222908609394,5.0,0.09558455482290198,4.580225928359644,3.268083892265354,0.13572744832376665,0.2,0.8874266267333387,0.19722528909458598,-9.082060629637382,-3.962904998363014,-3184.4764425822373,2
4100,0.049988820695700736,499.4528836406525,0.01,3.453150552199413,5.0,0.09831162809709623,4.057000048629195,5.211132824383141,0.2,0.2,0.03490372733982505,-0.19824720740734916,-17.31121712603941,-2.9301323549858074,-2889.7565261700897,1
4100,0.04982469327821956,408.70862280156035,0.007383869135888509,3.330165191093798,4.812945718973216,0.0926862464448395,4.064870881912546,3.024092094199146,0.11782731649926381,0.19999999999999996,3.495707957528398,0.07575722640603677,-8.623603287705135,-3.9519132875901484,-11201.875329341832,2
4100,0.05,500.0,0.01,3.4466269790563997,5.0,0.1,4.054901608143257,5.239479055775869,0.2,0.2,0.0,-0.2,-17.854014919938393,-2.7252139966245936,-10947.481660034544,3
4100,0.041301863325073726,387.26050310375985,0.00684198251851115,2.8546848848859336,4.388253780818975,0.09988928181812123,4.013655258174435,3.398772026056455,0.12960077921366292,0.2,3.2116294161630554,0.03625487221771731,-9.735124848800831,-3.8965326352614085,-12562.881065019417,1
4100,0.05,500.0,0.01,3.4462784158602022,4.995335669820675,0.09990049658759902,4.05542486388934,5.193079769633315,0.1966396213328444,0.2,0.3522171620958975,-0.2,-17.79005368412281,-2.89539147758331,-12078.287863580332,4
4100,0.049738560598775086,386.6224314473081,0.007479411800009064,2.7495201947678813,4.85294484726392,0.08870018108049316,4.205962533417309,4.033140290283669,0.08118237553393143,0.2,4.034377677330221,0.06721134058143774,-11.039036913478894,-3.5543510652132846,-12088.682897103285,1
4100,0.04999337012931693,372.70397945914635,0.007433560816404105,2.813997195825951,5.0,0.09864981543119006,4.567574333804934,6.0177639909029965,-9.1617613882361E-4,0.2,10.0,-0.0012606306689953717,-20.873475822728935,-2.520366072477865,-4444.39595878499,2
4100,0.02598350972272155,384.2150593294435,0.007955124199642945,2.3901963335847056,4.628209523232946,0.09820029637103303,2.9469260308699887,8.615505581576183,0.17877932499955723,0.2,4.173885811345965,0.19842598555449892,-13.404644440629461,-3.376970894521361,-9022.345629620213,2
4100,0.03139672984503388,434.61611269344525,0.007723217063772322,3.3061901729772742,4.93929779970233,0.1,2.83488209980146,7.842809558941321,-0.1620089200499947,0.19999995659500802,0.8430963673587444,0.094815256893452,-12.00072094589857,-3.6041574839810067,-2569.223773290457,1
4100,0.05,500.0,0.00931270797366411,3.785606921395768,5.0,0.1,3.937701677647312,4.236315713297388,0.19314091475721007,0.19999999999999996,0.42217460766494475,-0.2,-10.309485333691159,-3.8346372186911184,-3519.8625399380717,3
4100,0.04784614977212444,383.7938172718676,0.007644566355338468,2.917906937833061,4.004340512811159,0.1,4.038152069461283,2.443213298448032,0.16594105633532463,0.2,2.8996040369969296,0.08422551822243174,-6.64782108098645,-4.342859751954089,-3811.7594882029275,2
4100,0.04898352661079813,399.9452211288919,0.007696980437241889,2.7587380305096225,5.0,0.08753133561172069,4.128034822579648,2.7774769083835493,0.10213806479082871,0.2,9.974664603303752,0.17451239109467104,-4.855105768903231,-4.628643307165689,-2504.5794146075336,2
4100,0.046756256988278594,485.70061730961646,0.01,3.61223377548451,5.0,0.1,4.049332095573099,4.255632219304708,0.19678896232077914,0.19999999999999996,0.9052488950459872,-0.2,-14.04156560669726,-3.324543911427913,-3782.4841901838363,1
4100,0.04708857790554531,481.5191131271381,0.007385148955032671,1.7698978801798657,3.7460658661172186,0.1,1.8163203620762995,10.79387309298359,-0.06632514277527354,0.19999951907126956,3.737620444092176,0.01660217543374648,-8.114917383325846,-4.191838806968159,-1051.6065375412932,1
4100,0.04962336407297553,408.7340384177418,0.007561887210944135,3.6784623596580373,4.54416492027612,0.08452928819115986,4.170437617693972,3.75436088764662,0.12069431022377308,0.1999999999999999,3.4889725800589555,0.07190701269264915,-7.555273964707345,-4.2308753740728005,-1308.0457801657756,2
4100,0.03332036231793222,385.3966065472122,0.006762912669885289,2.377888987213324,4.308949873751762,0.1,2.9652842685008887,12.79549191646653,0.1790036002051431,0.2,0.39404267690920314,0.2,-21.247679015182417,-2.443846981050221,-1721.093575265723,1
4100,0.04792713270491267,500.0,0.0076832583333527075,2.1404171345490743,3.816576601957765,0.09290701770500946,1.1976440198564526,10.032722475053866,-0.029191590819331814,0.2,3.7266953110123007,0.04448836417207827,-7.003066188324985,-4.158285168418507,-3527.2804462055456,1
4100,0.04814019130458724,500.0,0.007497182846410641,2.078411973439635,3.767179240384412,0.093891439513127,1.1041088777093266,10.328831409150947,-0.038283377681037234,0.2,3.7284408128054345,0.04902639465348457,-7.287751866604519,-4.176213606187975,-1569.3960085712133,2
4100,0.048171563835843256,272.31778533843806,0.005188365919281125,3.241355318870819,4.999536550451019,0.0959902751171976,4.586717426420422,3.2622498943929537,0.13473674569011113,0.2,0.8943529209844471,0.19713375310005216,-9.264004208965584,-3.9086750648745356,-2275.111489250991,4
4100,0.048958962947441544,401.20592658555984,0.007772305181590233,2.7921239677253116,4.988378967447975,0.0882534620012358,4.042455748651985,2.386056555929583,0.1588101258999891,0.1998512699188716,9.689813128117175,0.17392095577031158,-4.900783461691894,-4.686331103345792,-1835.9872383380043,1
4100,0.049158875241306195,462.1865072449699,0.01,3.619946216704613,4.862791686869094,0.09980482078236008,4.079222772686894,4.2505660698566565,0.16116953550830038,0.1999999999999999,0.19399657382812782,-0.19592021804599927,-14.071425827560176,-3.3647363572860485,-1465.529258197674,2
4100,0.049991912724277394,492.66207049728945,0.009626867947597116,3.575927501834434,4.920469607342139,0.1,4.1144573197078245,2.611000875758852,0.19198907773483764,0.1999999999999999,2.470858606334214,-0.19619294081073957,-6.654799284540249,-4.5231597826969825,-2034.617218525055,2
4100,0.04975372716374221,380.1345167438918,0.007419023956080628,2.721088145868285,4.942617568414509,0.09069231723787463,4.136677714175864,3.888129765569784,0.054660734965415125,0.2,3.42158864379343,0.04751578982330659,-8.39728323126284,-4.093575304746859,-2216.6614805299414,1
4100,0.04993708911527403,379.27923080501216,0.006676895477948768,2.625029879360491,4.191960288999706,0.09342655378733133,4.791864055493014,4.269046118440574,0.05696146021853382,0.19999999999999996,3.1088001924971524,0.1772992154128682,-12.22654173323114,-3.5290933847739963,-722.1397785064541,1
4100,0.031558577143393864,410.259290847155,0.00737239794841203,3.4402436257822933,4.883571682564877,0.09251148152918752,4.06894078362293,3.0626548216831995,0.07212634564985443,0.2,0.0,-0.1538671976061425,-8.717271717204861,-3.9959344087284006,-1367.6635369356,2
4100,0.05,386.34030850714294,0.007578809176600064,2.843922394842579,4.1449505542727145,0.0946778054810608,4.038154221022217,3.211968493344711,0.09063707941279242,0.19912092649037028,2.511704006678686,0.04271387987001787,-9.133194712442002,-4.019881062635211,-879.8016969287021,6
4100,0.047112931895833626,481.6967733840094,0.007388537024000595,1.7481479970990337,4.006720738475043,0.1,1.7696466443643142,10.833190703765935,-0.07058621856504413,0.2,3.5006343868894305,0.04277240357344719,-8.114797980694407,-4.114424965699538,-4597.435355440197,2
4100,0.05,223.77525198548298,0.005425845158694434,5.0,1.7775916577338213,0.06469172693722304,1.2164852040980778,9.522831344324974,0.1222764758196726,0.2,2.5290678897160896,-0.2,-2.0202962150523485,-4.795600130732746,-658.6755425246957,3
4100,0.04742111399002925,492.90870225587946,0.0075413081606919945,3.2318438941974605,4.872767712589266,0.08838927271220481,1.7696225185323955,16.813893898545285,-0.07392601690578399,0.19867993610989343,3.6002116302075216,0.2,-10.569829368803596,-3.602852839500704,-2094.59547765736,2
4100,0.0467191937385118,500.0,0.007520663103459279,2.5187891685758883,4.784927947911895,0.09392084183695183,1.8201727499509968,8.794778424368515,-0.06734831193922428,0.2,3.715030955633158,0.036900714806958224,-5.536936343036541,-4.58671694826066,-2138.2461508612514,3
4100,0.0467094922755813,499.99999999999994,0.01,3.6199840603411557,5.0,0.1,4.048432112919208,4.127035734225075,0.17055741895701282,0.19999999999999996,0.7665120830351425,-0.2,-14.127364647272241,-3.259642675932126,-816.5027951493771,1
4100,0.04682517115018141,492.4782797222922,0.007396435397325599,1.7509352674458725,3.746466375807895,0.1,1.773302769356323,10.82827871947557,-0.06724216329502611,0.2,3.581164370090775,0.04206536954557402,-8.145347087522977,-3.999946104187233,-1969.0871621194733,3
4100,0.04997582624454224,401.54593604966703,0.007483082635646503,2.821762874573097,4.987722954991514,0.08830849519368433,4.055041032911989,2.33090458469995,0.17627185167942172,0.19987152672684472,9.679918983515305,0.1721686830546808,-5.091352415284494,-4.675842653537989,-627.2678881378677,4
4100,0.04999890452964198,500.0,0.01,3.4208191469502047,5.0,0.1,4.084030228753143,5.202222835579298,0.2,0.19999999999999996,0.0,-0.2,-18.017880480956876,-2.934265345591049,-1437.1692531168592,2
4100,0.01932444756283194,500.0,0.009847910167511992,5.0,5.0,0.09994242776632897,2.417307196417367,13.808736894308357,-0.07557373378671313,0.19999999999999996,10.0,0.1734215250667021,-23.472287291647337,-2.4523987015327853,-585.820369416582,1
4100,0.049495097282610596,386.60251561280154,0.007322732459902805,2.6256204184886918,4.260559874894043,0.1,2.539887397004014,13.567282744104515,0.19566039289135245,0.2,7.431309584132924,-0.17276559533670027,-23.490362215600758,-2.44425121345219,-1004.327046631385,1
4100,0.046751398539854966,477.2370082071396,0.009937194095543672,3.4543085923548578,5.0,0.1,4.049673103333392,4.36241920969629,0.19435346566694006,0.19999999999999996,1.0024799755179572,-0.2,-14.128375472465555,-3.323313967244414,-780.7265431545391,1
4100,0.03394810685496332,393.45999900947163,0.007220846896052647,2.6973696153259334,4.27470393966704,0.09951947221025986,4.242744834617174,6.884988955719359,0.1212142950053467,0.2,4.845447650713661,0.033193804075306754,-21.335447637492905,-2.5384542012057825,-914.733547214941,2
4100,0.05,500.0,0.01,3.4422717720299363,4.93439333099372,0.1,4.052998030591095,7.648634519281367,0.16939647536204394,0.19993803806311278,0.0,-0.17447234239936427,-25.43305612248901,-2.1398601490000204,-1320.0999722316774,1
4100,0.04999999856421614,395.5540623666275,0.007358310360903489,3.4260849768681036,4.26650358975561,0.09998261126342241,4.057485592228526,2.3891960552152227,0.16331513435527512,0.19996467410711077,3.4527227336970414,0.0733714627724934,-6.537850395311918,-4.57365046407805,-2262.8966841379415,1
4100,0.05,392.3686851895396,0.007179656258059191,2.835595996171074,4.228736547556151,0.09720934214183066,4.079673130215644,4.871540686083623,0.04879460450263906,0.2,9.10615583924513,0.04338338465626354,-13.340289483663742,-3.4690561008119,-305.33384404812045,1
4100,0.04698754698445434,387.24916681544494,0.01,3.2064215275112264,5.0,0.08727892174104186,4.29757401860977,4.199688230674792,0.13416206543455395,0.19999999999999996,4.75063864708625,0.04514358014092301,-10.954749907145944,-3.680032579600352,-964.4905551800724,1
4100,0.0473483741273624,376.40877906178935,0.007478050381032976,2.8799102226833635,4.4271274010436175,0.09999999999999999,2.5595296037339623,14.96246798999164,0.16499427545078355,0.19999999999999996,7.220793862932028,-0.13322897560115876,-25.398937773496524,-2.3162562590036995,-506.51240746943733,1
4100,0.05,500.0,0.007166816039889585,2.2348512914161547,4.315472437538424,0.07138806849911956,4.617454973614439,2.3624846988879793,0.2,0.2,3.3125824960868955,0.07714612485077621,-2.948902285705533,-4.874601722434826,-258.04536680215995,2
4100,0.04471477610042954,499.38538121447084,0.009971510844912894,4.09136572016483,4.883841355251002,0.09999999334490683,4.391631901227485,3.950256393359721,0.12794810051299327,0.19999999999999996,0.3098143065887168,-0.2,-10.454605062577905,-3.8513623437544724,-244.0290536863031,1
4100,0.049988820695700736,499.4528836406525,0.01,3.4531505521994124,5.0,0.09831162809709622,4.057000048629195,5.2111328243831405,0.2,0.1999937172811473,0.03490372733982505,-0.19824720740734916,-17.370157623812712,-2.952159243190707,-204.3030814540993,1
4100,0.027963860355257348,143.89733945231063,0.009703774284774676,0.5,3.152986801827758,0.1,2.9638199223754778,4.282964733620197,-0.11347579964533397,0.2,4.731962659243191,0.14459545038557908,-5.941127198793731,-4.331628645819022,-398.6974623185487,11
4100,0.0,46.731065367462065,0.006273235500504243,4.962085203733385,0.5620856652524268,0.09788473593223314,4.244339045350456,8.474067707939705,0.028366132083922968,0.19999999999999996,0.08550130492908417,-0.11497773162930852,-27.63805639639886,-1.9863460453531467,-940.1193481845081,1
4100,0.047212494713892716,423.70890404976916,0.01,3.7310247363830844,5.0,0.1,3.9652146885455686,4.264076257885557,0.1748316288267674,0.2,0.6570482471219636,-0.2,-10.373415233941362,-3.974469279538253,-1957.5850300341024,2
4100,0.05,390.9974551393786,0.00742067512222572,2.5882409994673514,4.237295100179141,0.1,3.590101020944578,2.2861298943132833,0.15699321033777686,0.2,3.5089060436528947,0.04935739058202268,-4.626164612226004,-4.736629637606584,-311.7568463559504,1
4100,0.046572020587988414,485.7166268448096,0.009997951541189069,3.749062774439595,5.0,0.1,4.1098920458588815,4.223097969919515,0.18058032931998785,0.2,0.6589038527928877,-0.18100716549397025,-14.315650508053999,-3.2555031389367635,-341.11705504091793,1
4100,0.04999906175495742,499.8234359242616,0.009787259861767372,3.4274069530616043,5.0,0.1,4.043339407395859,5.521319738396538,0.2,0.2,0.046757064228108255,-0.18581862034424176,-18.043426693773327,-2.9093864659105835,-372.67689214286213,2
4100,0.05,392.0203695427502,0.0073319811150504175,2.822115672184135,4.232248869068641,0.09744326065811529,4.084531761328043,4.765104448749632,0.055883813582644826,0.2,8.751060519586243,0.04317240714112408,-13.185103669767456,-3.4622359312393054,-2126.9962246064215,2
4100,0.05,392.9729046864804,0.007398917779207149,2.8968453702202126,4.2462306558177625,0.1,2.454742907845045,14.208481498823097,0.2,0.19969297172299555,9.264494392305835,-0.17794020143323525,-25.310779090447614,-2.2995273847972277,-539.4337656606638,1
4100,0.04646138069221948,487.7244770783747,0.00999150195742213,3.5986319966953864,4.991484202739153,0.1,4.047776624448925,4.367036447519971,0.1718413515826342,0.1999999999999999,0.94550714912492,-0.19758697041765122,-14.28735274121622,-3.356457122657658,-560.1946119676189,1
4100,0.05,393.29221453596887,0.007399061215220497,2.9022279088948335,4.2414555092054815,0.1,2.32480543733572,14.307007805869155,0.2,0.19969028805375982,9.248106723251821,-0.17415072938760054,-25.178077386235685,-2.3237366802011454,-1030.6069310791506,1
4100,0.04996564327525439,388.12116871352964,0.0073692848036422025,2.838898006483324,4.173742948211126,0.09636949428644236,4.026248191928545,2.256051529271093,0.16049456736508905,0.2,3.3448608850658186,0.03360005951008199,-5.9357702835865185,-4.496023829738725,-442.9838608543314,7
4100,0.05,394.60183118278763,0.007344291527933611,4.602743253361037,4.2559622620156805,0.09647865068630218,4.049726954973194,2.229750770750412,0.2,0.2,0.0,0.2,-5.959644384800941,-4.573354250935528,-423.7468579191435,3
4100,0.047917589026629924,447.7712299857467,0.007275061875808414,2.983767945614283,5.0,0.09638322295277976,1.0,8.483861742133078,0.16675405199795595,0.2,1.547815956826038,0.04852828867952713,-6.017126756705313,-4.572218419550632,-801.4185372979692,5
4100,0.007353986410899033,48.161641133886086,5.765048359128036E-4,2.3171391288540355,2.2550793618036495,0.1,2.192829760767017,15.786860437803119,-0.2,0.2,3.6250761449774704,0.013256950400441114,-26.497252803373005,-1.917573029356935,-1439.8718888743056,1
4100,0.04730502099609052,366.0113307813725,0.007555858781604731,2.92048524483437,4.419130502024011,0.1,2.4590345833369995,13.996713330127923,0.18439774415063537,0.2,9.086587507698386,-0.14970520028966897,-23.72154210011506,-2.3015694603354526,-951.3786451928542,2
4100,0.04814179721886678,500.0,0.00893188723353917,3.479062199762179,4.940273257264215,0.1,4.273978130106046,3.818316193183851,0.19772792484010493,0.1999999992267733,0.0,-0.1861027721535964,-10.425090480533559,-3.869861253961288,-411.3876788893837,1
4100,0.0190704489322481,309.6905392284482,0.0049938887569538695,2.7358541263637934,3.6280698621592027,0.09998912317978563,2.434768059045619,7.460631805280499,-0.19866236209790863,0.2,8.62435122247903,0.1022739253714301,-11.951108472209675,-3.4979621080862686,-119.31971784884266,3
4100,0.048502204603752465,390.9461773382392,0.008923179548506036,2.98983258116158,4.779415651799846,0.1,4.141089140516382,5.60809650484861,0.12374768891475924,0.2,3.2232323736040893,0.029142582819563112,-17.92393432085403,-3.0200829247707346,-157.14721942739624,3
4100,0.048084169688324734,499.17695669272416,0.008978486357870678,3.519912787098937,4.801083558947408,0.1,4.122378174187212,3.7307347018798085,0.2,0.19999999920906103,0.0,-0.1997421463072462,-10.445232100884654,-3.966061724956235,-185.5729489504683,1
4100,0.032345010308262444,439.5949215081965,0.007696509302746964,3.294016899235281,4.650068689932101,0.09985882844303139,2.912671375613273,7.619395423655637,-0.17636763288093743,0.19997608302812625,2.9713645251550096,0.09727354176703779,-12.007867613240242,-3.592132641211806,-136.33274740037305,1
4100,0.049977401452135375,401.7449027106394,0.007510481416559095,2.8150805882082657,5.0,0.08799028266368628,4.049177535034987,2.2358225901157276,0.16018659610764302,0.2,9.6979982658906,0.17350298897343625,-4.879388514152264,-4.593278457127422,-487.181381876537,6
4100,0.04998997342264414,500.0,0.0073469470455243616,2.7012532508867273,4.692135635586569,0.1,4.2319970930157345,2.2723635857979096,0.127904255117762,0.2,3.1793811318933454,0.0384277897173754,-6.1866508874905115,-4.399682247376703,-1038.3433621094903,4
4100,0.047140561137756644,471.65683885822506,0.01,3.78091519597568,5.0,0.09691588846914492,3.67215372621937,4.216686851000365,0.19657391251319772,0.2,0.029805955755472513,-0.2,-9.950629234223939,-4.014581756400661,-551.4697019163737,1
4100,0.029154810246970232,430.91890570989335,0.0080096568652339,2.9922711290709123,4.918154292772518,0.1,2.916014391847618,9.236033779952956,0.12202682494756534,0.2,4.325166786935613,0.19983582823256407,-15.774007750489382,-2.9989877105591156,-110.74236821160885,5
4100,0.027818423986956012,388.20922341366384,0.007728198194864965,2.209035923099803,4.693242352635214,0.09827816787824273,2.686538931840757,9.49189453488156,0.17652458308878127,0.2,4.504771598315186,0.19355128363235297,-15.409120292873641,-3.132395207577081,-202.8439402567049,1
4100,0.04974665511423687,471.9818860827745,0.008967613003194529,3.6534876070118707,5.0,0.09970471257915453,4.093962165777081,4.967793447789823,0.19903396202863605,0.2,0.0,-0.2,-13.884436495922325,-3.429960284749292,-472.94214494143597,1
4100,0.049794578649793225,383.6521511010516,0.007592152807497017,2.8462503072041927,4.259465375873706,0.09874136040201545,4.0116920235456455,5.5472552676161335,0.06053286088177984,0.2,10.0,0.030111244188556208,-17.091762211622967,-3.0223416553702234,-787.2707614418927,1
4100,0.05,499.96788702141436,0.009401877563028673,4.623361083507284,4.87395264910828,0.1,2.2209845536740906,3.426045672434368,-0.06284631413727745,0.2,7.470894856297314,0.2,-4.928875450879593,-4.838054397580142,-87.19480637118264,2
4100,0.05,383.88856237980417,0.007449196086080037,3.1099975640571054,5.0,0.09609072233091588,4.1629088600382875,5.309663490355649,0.0414803730138395,0.2,9.396417060175143,0.04357103318787506,-16.663837635622023,-3.0896308097429643,-134.75381797969357,1
4100,0.028508051426430876,385.65496012339804,0.007830534583248264,2.3504118431137,4.513682614872332,0.08774985557280476,2.933893324866874,8.37974674643225,0.17874226413587063,0.18095591137620148,4.453082386182223,0.2,-5.211778923061487,-3.565392174115253,-456.92619590433804,9
4100,0.04808165230852808,383.40283896472585,0.007709133236973722,3.1510188427149783,4.15341376707554,0.09977345369378382,4.2419807269831615,2.9295103492108607,0.08932250897614313,0.1999994870310446,2.0930741744004417,0.12376626745432817,-6.543055114423445,-4.535599097156472,-179.61730595527587,1
4100,0.031015193071052178,439.37102769774816,0.007723299141376911,3.2989314721060055,4.879002680679093,0.1,2.91975347419075,7.588484452037414,-0.1681761942845725,0.2,2.9472333613501167,0.09842145923860823,-12.053110090306122,-3.586465503933563,-168.89907362286047,1
4100,0.05,391.60345922669273,0.007354508043592167,2.8200161887796353,4.246783355190422,0.09845852925498823,4.08330314688201,5.2368688959915835,0.05659021070823339,0.2,9.480526189738713,0.04307815859635897,-17.323258636840027,-3.026992555096261,-79.14873069086431,9
4100,0.047886468542673914,465.1508607402881,0.007667486166150932,2.275458308601432,3.828434769698452,0.09177522013857517,1.0519040607004897,10.784334821573863,-0.0464374710109095,0.2,3.8516495485299442,0.10117768344393024,-6.814160425910178,-4.312022755051521,-456.06984766406276,1
4100,0.04663204147503534,376.1676937506687,0.006995477502417555,2.7597370684009364,4.393871765058218,0.08946146467992543,4.101754529152139,3.7295237580157985,0.15662846446992934,0.2,3.2584247543086278,0.04807832901590808,-8.22340121891233,-4.0962225430033605,-250.71146551744795,1
4100,0.04656005429972404,485.3464395638524,0.009998092236253897,3.7460236804600138,5.0,0.1,4.109470873243673,4.242041058469085,0.18079207503767664,0.2,0.0,-0.18207945199286057,-14.185869620499773,-3.401712412645162,-363.57066241966265,1
4100,0.05,364.38118348782285,0.01,2.9277778876673284,4.333458783842062,0.1,3.6982842450899627,2.6972585427305162,0.17017743776642996,0.2,7.409649295894476,0.07186199859543352,-5.0281746100031395,-4.738875543173242,-100.7772446144362,2
4100,0.03214261310362039,435.9554223529569,0.007735387922677761,3.380614829044967,4.957164511728844,0.09997265429821675,2.6765669891785553,8.369579362403982,-0.12045902634536297,0.19999996320824526,0.7752260595228706,0.08616601194472545,-14.231587768174832,-3.3693424719163665,-540.9800321332613,1
4100,0.047351192998803575,367.2167809606692,0.007552997058629381,2.92034509137725,4.402978390700159,0.1,2.4427281578014517,14.021987249317494,0.17802281387405872,0.2,8.757788841964318,-0.14976728974004253,-25.537311859564877,-2.2961018285914614,-484.5311329127835,1
4100,0.05,391.28493192115934,0.007722916938300854,3.1445422901596585,4.2787461681011685,0.09664607443602022,4.068565340082231,5.127640086583261,0.06565444405377574,0.2,9.393199426855434,0.04739381409599633,-16.903537200140338,-3.011542173006979,-475.2493259707426,2
4100,0.05,410.5369907250921,0.007366021890184244,3.349307415530608,4.871093303219424,0.09249149907487893,4.065324379147552,3.013318584389396,0.11736051623116034,0.2,3.491210485441967,0.07567544022517925,-8.992727817857613,-4.079732101459212,-358.4920290860795,1
4100,0.05,391.4652689608686,0.007360552734737183,2.819187602781714,4.24743166435624,0.09849716356772809,4.087527907833908,5.236916897495928,0.05696488909389458,0.2,9.712525662212986,0.04309086027994996,-17.24271662920944,-3.0278298511807753,-96.797752773031,1
4100,0.05,500.0,0.01,3.020435216845494,4.31749384956845,0.1,4.092908350706109,1.4246782622655247,0.011336393646821541,0.2,0.0,0.10741160571950814,-3.002488356203947,-5.123641625192198,-72.70329661371619,2
4100,0.05,393.1361389318121,0.007403449210579194,2.8848523851480485,4.253932277940103,0.1,2.2111754151896266,15.527120322522286,0.19790147422383325,0.19999999999999996,8.726334766044449,-0.16667238913025978,-27.246911692985396,-2.159583128799895,-349.1875579002533,1
4100,0.04422785764146316,394.9788766231122,0.007390713838339585,2.8031064291213736,4.249059732045333,0.09627236462146566,4.136092011866415,2.0728529697869504,0.1544569648925217,0.2,3.3147359426187633,0.03227429822642516,-6.220153042128895,-4.5792360936133045,-27.685636927874715,3
4100,0.05,185.31672655090068,0.006672818511409963,5.0,2.1064731566700985,0.09324616874110991,1.2457770494205544,8.461428710014314,0.10944324433932157,0.2,2.148774989222,-0.19027660294949544,-5.122526965505213,-4.5988435222955335,-2133.198709448905,1
4100,0.015327170424245688,302.444536825376,0.008924294050529703,4.472415600121714,3.726863904921148,0.09979208762506185,2.3366145124409092,2.933869684182622,-0.04082004037067152,0.2,7.124051421945897,0.1994090597154891,-3.069908352659386,-5.07046014910997,-18.888490234367985,2
4100,0.05,377.1748098405949,0.007811439435390224,2.461399881305887,4.0880739342901915,0.09872172510178329,3.6181924686700984,2.2012109813874186,0.1866359275809743,0.2,2.815550504290012,0.04561092455690571,-5.013839063662329,-4.899946589919803,-62.23683339933922,1
4100,0.05,389.6329033453345,0.007118235586129248,3.170352527255223,3.93665240116364,0.09675889849755948,4.068390278401774,5.1340827023339,0.06106598004619829,0.2,9.79516959916127,0.04496967042058206,-16.77582511163339,-3.0604164015674,-59.16109939386168,1
4100,0.03464021620280143,407.4858034741903,0.006677591501211685,2.3593487459742306,4.7090541187149615,0.1,2.988728838510362,12.886400986415339,0.17835267482614026,0.2,1.1203005202858658,0.2,-21.554343982451755,-2.6105304261790794,-54.37163333815079,1
4100,0.04672576399670053,393.95120746138167,0.009783043995377086,3.408917077091417,4.651752171916784,0.1,4.13567122819886,4.973097591340105,0.1549557009370241,0.19999999999999996,3.345061263752121,0.030463656568692044,-14.155191219105195,-3.35304708465558,-163.40348992281378,3
4100,0.05,499.43273824175355,0.009040450527964455,3.453612992123757,5.0,0.09970246814897135,4.075707189309217,5.0336077439968765,0.19656403589229177,0.2,0.0,-0.2,-17.937705507063445,-2.9178684059342928,-346.8028291910199,4
4100,0.021828624918134913,31.30673475506104,0.0011028687362493186,0.5,3.180608155165068,0.0676949650430194,4.587458721067857,20.0,0.1994097323046941,0.2,0.01268429257848178,-0.2,-26.025126879954705,-1.079244855894747,-44.82472423864621,2
4100,0.02579706741363145,429.7688670356773,0.007998504726321645,4.111328896093967,4.868242283909001,0.09572135695920639,2.5516358604635982,11.894012649133762,0.12385607952851646,0.2,4.28649722019719,0.19794604021755696,-18.255295741615203,-2.8278811526532914,-52.07279227167707,1
4100,0.05,499.2686113245992,0.008152747497686737,1.8255980772607192,4.915241015190315,0.1,4.044286935745093,1.1780030789324645,0.2,0.2,9.282249739132135,0.2,-2.8455404252351566,-5.183820985935893,-256.9658728192344,1
4100,0.015713954487631684,500.0,0.009809232495723524,5.0,5.0,0.1,1.6187162104874329,16.205377608692835,-0.08223741403773276,0.2,5.65815154916879,0.16637687530925432,-14.153064195812192,-3.243899017989862,-783.4020661412443,3
4100,0.04876388292933191,497.5300498417109,0.008649682767285744,2.225972897546036,5.0,0.09568787206051939,3.9261050230006878,2.411968416217781,0.2,0.2,9.29719898005959,0.2,-4.44391017349037,-4.909027066525918,-32.98220414855281,1
4100,0.05,394.2823786513687,0.007433604579945172,2.7884109601811864,4.162562808342084,0.09772162798995677,4.07531305444691,2.233094001730109,0.15386376736349516,0.2,3.2758097055472506,0.048170222770074156,-6.500293367926946,-4.439144124546126,-9.138623804522533,6
4100,0.04999714617305197,410.7589115327986,0.0073694161403881344,3.3612227426663486,4.871311985119251,0.09245818561754078,4.068699397591299,3.0389283014394004,0.11563115923815576,0.2,3.503357883134695,0.07563853219408567,-9.08234709728056,-3.983077512073209,-2128.537363062969,2
4100,0.04697761506447491,386.31584205335275,0.01,3.5543397823475327,4.760478609188942,0.1,4.1441990469124095,5.772127877129795,0.13972797498657757,0.2,3.489003490099286,0.03569136607681184,-17.96454598474628,-2.9083066711635537,-67.29422354642081,4
4100,0.048727254292855404,500.0,0.007101846947754911,2.9075385585825475,4.66128503024105,0.1,2.438881408138024,2.1910160737182895,0.1544982502372369,0.2,1.9010517367617876,-0.1649260952055822,-3.3529161276177684,-5.216439117359558,-13.44715824269083,1
4100,0.048694384373591026,497.8765581938981,0.007072138078220162,2.9101140506397014,4.732784447295973,0.1,2.440243479053794,2.1907999751209344,0.14970418379209272,0.2,1.906359723282132,-0.16144467479456628,-3.3505555314877786,-5.2384347669289095,-38.012937286761186,1
4100,0.026187909583536523,428.1708048417731,0.008011246032325683,3.0073641012657375,4.8531334729479205,0.1,2.5562129857032376,12.03099546434474,0.12333294691864782,0.2,4.279114123588922,0.19003677671893138,-21.751449238270403,-2.597578877507108,-68.28570645583116,1
4100,0.02850805142643087,385.65496012339804,0.003778148866437785,2.3504118431137,4.182384078456821,0.08774985557280475,2.933893324866874,8.37974674643225,0.09603207088672755,0.18095591137620154,4.453082386182223,0.13300816758912015,-5.057203756178587,-3.483946151679991,-15.19253373141293,18
4100,0.04873752806745802,389.81905770998975,0.0073992050596732445,2.835572509865537,4.624822795717004,0.1,4.0060565650525115,2.0546409598699893,0.18936875005493897,0.2,3.1339774058238277,0.057959736814166773,-6.855832815309576,-4.3614151583715355,-360.2227871073509,4
4100,0.05,391.3021642533258,0.007376825990935423,2.8599260060838887,4.19068331793726,0.09806413498600947,4.050035384321198,2.1056955972091354,0.16069000202006123,0.2,3.2772299826619937,0.04481016720058717,-6.041317011613428,-4.535501094039176,-159.6237145965881,3
4100,0.04999918921786979,380.3871696615173,0.007068280589258029,2.6870929259925225,4.198841901681352,0.09312256175848538,4.924027059028754,4.2686259945613845,0.058963325998397154,0.2,3.217951474908305,0.09087740622800045,-12.564977836092012,-3.517102053838699,-38.61908626554718,2
4100,0.02455039965517003,217.6749261232989,0.01,4.911429818078244,5.0,0.1,2.096922863994975,15.013481816569685,-0.03214114586435293,0.2,5.698870608795472,0.17730584354151357,-27.41730987875189,-2.0861413694905657,-98.38283733303686,1
4100,0.0499937305963325,390.35077617308474,0.007349461301042835,2.7032494262169346,4.590475636429032,0.1,4.236398976840716,2.294947946215111,0.2,0.2,3.1849056836576835,0.038449789337718254,-6.531609879860944,-4.434092068092749,-48.234665514261664,6
4100,0.04765055536344279,390.6191225405696,0.007063923489874989,2.8525228541323546,4.1918935219590505,0.0999730313840264,4.085610257490288,1.9136561759751376,0.16248672219415294,0.2,3.2050198348169046,0.026909899321846897,-3.2540915417468534,-5.060183972969757,-161.45537422644165,2
4100,0.04944215222593079,393.16420902688657,0.00735527624352697,2.926493801575498,4.251892556569938,0.1,2.5509673271522297,14.327479021752955,0.1891074350457626,0.2,8.92288601582722,-0.16456973513695222,-25.56336128943488,-2.285816319709185,-29.3980849828754,1
4100,0.04537185475900221,500.0,0.006887589564724858,2.64898271287702,5.0,0.09986050957370513,2.734194929078495,3.731145038277583,0.16343574462898536,0.2,1.784312764975562,-0.16180726637633447,-5.082505977744782,-4.697523628128716,-18.666935449194696,2
4100,0.05,390.44663544619704,0.007354713782142178,2.849584043764043,4.629207324443274,0.0986552804776144,4.2219418593632,2.304216722124351,0.19977338725824473,0.2,3.1821115577190855,0.038993138086227314,-6.752874267958665,-4.572374568835297,-41.737921047804846,1
4100,0.018976076723532045,310.45432699039355,0.005037134426459016,2.725847900121287,3.680667395771388,0.1,2.3159357177611346,7.481122342759639,-0.2,0.2,8.599841913980255,0.1036732689489796,-11.98250283313213,-3.490301570326732,-32.47275083010001,6
4100,0.05,378.91247040311333,0.007814575723009603,2.9576800318252667,4.292477547074153,0.09502623439886546,4.001372786207675,2.7701394285875365,0.2,0.19915248236669686,2.492572424426536,0.04738913828393723,-6.110471636580332,-4.652991061742478,-48.06551275902279,2
4100,0.05,393.7194180569134,0.009929934948449012,2.8579318401518212,4.404245823646278,0.09707145286173219,4.116161255069416,1.0,-0.048519085340988116,0.2,3.2488653055233607,0.013843665073571876,-2.920451301534288,-5.188194466781674,-41.2472142496027,1
4100,0.05,251.81241917920948,8.60327711155513E-4,3.8591113708757785,4.198089597270794,0.0656329520422682,2.8013588851831672,13.875297938443817,-0.2,0.2,0.0,0.15824671350889719,-9.1254725260411,-3.040346210499462,-7.526371488731055,10
4100,0.05,392.98072211125447,0.007382186032775788,2.899177696843659,4.243753967480902,0.1,2.456759579030548,14.094893476413041,0.2,0.2,8.900369975460759,-0.17290242957258242,-25.48470238193712,-2.231533921057415,-348.37674989087185,3
4100,0.0,452.6658573713771,0.006253429892862431,4.953972890456409,2.49079852933184,0.09156940009558961,4.1063684728867464,6.403748256344183,0.048941534763025984,0.2,5.251624444795333,-0.018276939575877782,-18.516310238333922,-2.6093968054196375,-2.361322962634611,3
4100,0.0,343.1984923494333,0.007360257483154793,5.0,1.8531837266449438,0.09767062095952644,4.268196005036874,6.991294372334431,0.04976818454897999,0.2,4.974405756409765,0.03853683740749103,-20.973917279256874,-2.5847434756495025,-0.9815215005910504,2
4100,0.04854405417858383,392.62575900688717,0.006907051411332648,2.9060230338941606,4.2490790390486755,0.1,4.010070599767317,3.142589078208121,0.14575326980894554,0.2,3.036314976858816,0.04911408358400049,-10.242506323893899,-3.925683167672138,-6.60230873913468,7
4100,0.05,268.94924398008726,0.00738215045772809,2.8090076232523358,4.715368521535522,0.09835300618474035,4.998464874187542,6.596224576308109,0.023106882815268792,0.19968756268583648,4.660774368049784,0.08949403552250762,-20.657699779199685,-2.712565507369094,-257.1846141702595,1
4100,0.04997457327860677,500.0,0.009389609130811804,4.504666068133003,5.0,0.1,2.2491013633888417,2.6988553510847026,-0.06419384123118929,0.2,7.2546484510986,0.2,-3.5007473665224613,-5.219785799614991,-3.2671930560315756,1
4100,0.05,394.92213868095246,0.01,2.871682804005157,4.400689009775421,0.09703711453061341,4.044581282067388,1.0001301257447124,-0.04957286321105575,0.2,3.3857496270254996,0.016407054060564613,-3.24950459661763,-5.065049511237218,-28.29862002056855,2
4100,4.210755024204693E-4,342.43652480059507,0.007413183496623697,4.868524924362372,2.3596836534504133,0.09561240273105705,4.212316785863326,7.025846450721748,0.05311617086302839,0.19692602680010696,5.049136078048825,0.03426824504333292,-21.846509986801998,-2.338018237471053,-4.940256232971853,2
4100,0.021841724995026526,20.0,0.0,0.5,3.1952707692918745,0.06567466814046949,4.074437639910063,20.0,0.2,0.2,0.0,-0.2,-22.421505296240106,-1.1295095330148723,-0.3482326159860951,10
4100,0.0,342.4548092837803,0.00585889220640011,4.453682450106387,2.979441862608013,0.09480472029364448,4.529133917760477,6.7862829495879735,0.029257473474650325,0.2,4.981821479084937,-0.003512405924407963,-19.910596204453107,-2.7342171002229847,0.09936794979482295,4
4100,0.020772312650811697,403.5191845495388,0.0047678830958838405,2.4767778652555354,1.266369879320926,0.0647940484941295,4.062307763270008,15.519963215245141,-0.0834533978470776,0.19374641311591007,6.24835127133254,-0.05091616508973465,-16.043808891072754,-1.6459400674213343,0.056531392193634414,19
4100,0.04830399614193555,370.24137474328614,0.006792579810241328,2.9683392752633972,4.190454208913502,0.1,4.004056285346589,3.2254177594803606,0.14486096438717216,0.2,3.07350477069743,0.05199319805670871,-10.570394618615648,-3.7597867290839524,-6.009936320514723,2
4100,2.0715048576187074E-4,340.315393446279,0.007360106374114915,4.869591424369805,1.8530776310177897,0.09758874466957775,4.264462091115059,7.022097016545923,0.049328602190128995,0.2,4.908693524499767,0.03854294987080631,-24.67692626106067,-2.3054270270745616,0.07439312383229646,3
4100,0.0,435.07824728666964,0.006148345605422799,5.0,2.264056132178367,0.09208544629230447,4.111374789538737,6.35265951539162,0.048247459894118716,0.2,5.052755579034331,-0.02521504271657582,-18.938343290219017,-2.794196535318321,0.09945925879580068,1
4100,0.014332010747995517,306.30855788053367,0.008920943635443523,4.470300866078719,3.672914423161361,0.1,2.314827230106997,2.9326705608590613,-0.053560495815138026,0.2,7.204554619064803,0.2,-3.076107479427527,-5.059966206912064,-29.14015889134883,6
4100,0.0,20.0,0.006304506451959651,5.0,0.5,0.09788011909173931,4.247722790665634,8.960910949518933,0.028636194579600316,0.2,0.0,-0.10883866647389817,-28.361393548353043,-2.068861486828055,0.04919139635211532,1
4100,0.05,463.69831779641146,0.009368107320901686,3.676397606617757,5.0,0.1,4.129382210308592,1.0,0.15719317582886133,0.1999999999999999,2.1739330321170414,-0.1712166248056184,-3.3995366537814893,-5.13477282650394,-5.559893266777257,1
4100,0.01296834113037744,161.23650849724083,5.779360666888079E-5,2.4220652058310024,2.4371765302892188,0.1,2.4086622372624547,16.281760107234692,-0.19089586681026205,0.19999999603575164,4.021417344695647,-0.011131872485307087,-28.88348544630493,-1.6739802716950567,-3.915353088134186,1
4100,0.004993365895302502,333.05408031730076,0.006409668094142514,4.8220039859834944,2.523599137572185,0.0989649124779072,4.294082545841117,8.205671627514555,0.03530377809409524,0.2,4.680856467424922,-0.03287618259174621,-28.77879335007324,-1.9369431981188545,-2.45497473513916,3
4100,0.04964687178135683,414.5919583785595,0.007509274187265551,2.896990569823452,5.0,0.0870712875960336,3.900892371912857,1.6175695064219744,0.1661091445942921,0.2,9.860779671334761,0.15787574724490167,-1.6991328352730548,-5.198188873263918,-5.0089414507861445,2
4100,0.05,380.5924152519645,0.007227000863158278,2.552679550563211,4.190116757804494,0.09709137462000648,4.035475794540702,1.0090237749848796,0.15877030815061566,0.2,4.463184442073357,0.04141358292302688,-2.753566267862158,-5.093304798201774,-3.7479112555868612,3
4100,0.0,347.9797167636761,0.002013216630370789,4.999998312769717,5.0,0.09642273923828037,4.327386294229035,6.900732542987207,-0.03154504961537702,0.2,0.0,0.03328077229063342,-20.200230713724594,-2.5258410425678,-0.5556246811898858,4
4100,0.0,20.0,0.00632488335750361,3.1448778155366344,1.5325158999333868,0.09773530439022739,2.2282977773341197,15.178728890527413,0.06615957861791733,0.2,0.0,-0.03761404974555832,-26.509494161929435,-2.1709284321788958,0.061402042616288476,1
4100,0.005108788925137398,342.35301040841915,0.006333300332266536,4.824318291823631,2.3973389638027243,0.09365248809171092,4.257443350362357,7.18704327848171,0.04942161253199137,0.2,4.97526815279258,-0.010357182380812097,-22.890388284468365,-2.3223471396554523,0.08271655758227406,14
4100,0.04439518498058806,393.88902251595795,0.01,2.6578387536495396,5.0,0.1,2.6037753643894854,2.8010524529348313,0.0986773349212714,0.2,3.541376451328779,0.03888331016794111,-3.7914261063844017,-5.049192939161583,0.35360577308170865,1
4100,0.0036530535988695046,336.398737471168,0.006065698726445692,4.39305208567588,2.7251045411700385,0.09466826229882046,4.5603562554941774,7.521421094929967,0.031157705532669416,0.2,5.070904591491634,-0.007928516499533494,-23.31900251769406,-2.324436722012378,0.08006500739056448,5
4100,0.005791698421108205,336.6752981896285,0.006283753937013764,4.831264588905584,2.5291481467182595,0.09880198488946512,4.295970890419161,8.229134490733745,0.02985661898746947,0.2,4.509455633734405,-0.012074128013041807,-28.720832910800723,-1.9943244841728898,-3.879224806016075,2
4100,0.049780629002231215,386.8874687179915,0.00751106068197847,2.871151267383533,4.650269564368894,0.1,4.689875860928478,6.122224568618351,0.10203036861313297,0.2,3.484936974373749,0.07334031975564909,-22.067296485527894,-2.4922874298629547,0.14378650115420083,1
4100,0.03183358707256606,442.56208923355837,0.008739766715659595,3.479373969737221,4.833310908432284,0.1,2.869451153099657,8.367600907695126,-0.15473938768858653,0.2,0.14001431180593674,0.09939274880540228,-14.628568699575,-3.2875421884535276,0.19521816796017694,1
4100,0.04519178789367781,494.1495340542104,0.007332943328886244,1.8434577659531515,3.7663184521114714,0.09745555727557026,1.6809005886269008,10.291338334978818,-0.06273137036711085,0.2,3.3975156026296944,0.048944797944727,-7.832009895201483,-4.204774912583477,0.29724303050276046,1
4100,0.017467888515762,20.0,0.007662409886299937,2.3731065588862608,1.174910908237332,0.1,1.0,1.0,0.2,0.2,10.0,-0.06400538560208294,-1.160208897540563,-5.258380168140787,-0.029793567313961968,1
4100,0.0,350.9633095629645,0.006661240061962749,4.838849520269727,4.107892191735614,0.09379555325256878,4.076029674509701,8.03959156662778,0.048802669712024016,0.2,4.5735219699036564,0.01924692408619655,-26.35139673715428,-2.2119990917619967,0.045162705785686916,1
4100,0.043417652455647146,433.78729391674835,0.01,4.911530277418293,0.7465454937042023,4.009532227842935E-4,4.764599518703022,15.547159180557847,-0.07200530184984302,-0.2,10.0,0.2,-1.5034446427111636,-5.408762069236949,0.3868189981393943,1
4100,0.036015967476332615,429.2780041488067,0.00588706272627941,5.0,2.285956269834661,0.0,1.0,4.157123619070395,-0.1519583357196565,-0.07780257193606124,8.165120694984779,-0.1874302368013305,-1.2932949189892027,-5.297863909130123,0.10175612062971569,7
4100,0.019891851156729846,500.0,0.005000433397031076,5.0,3.9603494454225094,0.1,2.353757491205961,15.24917812831124,-0.012453887181894746,0.2,6.35492395135857,0.15306058527778194,-27.358012423910736,-2.148777504313684,-0.805782209392351,1
4100,0.05,453.84934636700365,0.007580746044872384,2.797363405432204,5.0,0.09402031658313037,4.418812941596039,3.1972921406895014,0.07431502052829009,0.19897094573053925,2.3708947950966497,0.03834809318629978,-9.47601019676172,-4.038649703629256,0.2860078181467416,4
4100,0.026577875093583583,420.99000270934073,0.005747323324717097,4.954558452131667,5.0,0.07080398261719163,4.336233017666109,1.0,-0.2,0.2,1.752889383633249,0.07725385017113212,-1.8933126405081953,-4.984255102659479,0.2642026911408436,17
4100,0.04164818657225205,396.31916478110173,0.006868043741947916,2.8566680103553743,4.4055265977532265,0.09989748686028822,4.01452247052198,3.410219309080651,0.12986805659931144,0.2,3.1971944351835124,0.05001277211847732,-10.830160393036849,-3.799916256759699,0.24773685588979105,1
4100,0.0,452.3436599121046,0.006252392180813511,4.954062419206144,2.476787881010006,0.09138929152242381,4.107982071773089,6.403853468697413,0.048957781698646896,0.2,5.248547723818483,-0.01799493954452097,-18.68980821173595,-2.8096502662797658,0.09971507824890427,2
4100,0.05,375.17270866871047,0.007450390124274002,3.2974296802066405,4.326662022879225,0.1,5.0,6.528953985078738,0.07770641801020228,0.2,2.467027193578755,0.12631007262283445,-27.495371157015825,-2.0881022094580803,-0.8629853971295454,1
4100,0.04999237335458356,380.9321647392637,0.007204753549510105,2.6425836675771586,4.319113808158731,0.09661868894823054,4.097379536943002,4.5821062248330895,0.019757412569335248,0.19999585098976191,6.800211002766075,0.03462484183951159,-13.714323096104692,-3.434339789338896,0.2336849646961535,1
4100,0.046039595937836714,444.4763964380239,0.01,3.6908896041592243,4.70781745068543,0.09810443048640632,4.05128262852592,1.6902852791529694,0.17079022997299614,0.2,1.035482848495675,0.04967175390687495,-3.740742624206695,-5.015697236308215,0.3527468319070104,1
4100,0.002964465916841291,332.75066945536497,0.00648644889081135,4.835407062434377,2.4857187521638653,0.09893211495039654,4.291732564508843,8.268977716909177,0.03584267424919113,0.19999999999999996,4.53248710958748,-0.029892418617121275,-28.86389463568532,-1.9481183595202267,-0.468212875527969,1
