evolution$generation,growthRate,gravityWeight,gravityGamma,gravityDecay,mselog,logmse
28000,0.039757804199454086,9.47610626604188E-5,0.023696215022217183,29.407949899366223,182.4921221261653,32.86348946215412
28000,0.036618079841772525,3.071531046591977E-4,1.1983376801564631,85433.02422023477,178.91743652098907,33.14102034215506
28000,0.039673243745838194,1.5144298026712364E-5,0.017543975715968687,55.97096934825041,182.15390371030537,32.86549630068275
28000,0.039764828514351584,9.89403668815153E-6,9.507716860049866E-5,91.02700203729616,182.33021420600113,32.86545954325298
28000,0.039796805357754886,8.374912034580999E-6,0.04762731142879684,75.3155016149422,182.3909151023774,32.865384856847605
28000,0.03962002480308088,4.58047534436492E-6,0.12050549688313239,37.85547429235921,182.019909000157,32.865946234735254
28000,0.0397491067933637,9.160986572053436E-5,0.026291603417951132,21.303058513838398,182.45028395353054,32.864045271512225
28000,0.0396509361551944,2.740041117719002E-6,0.09799591491173855,93.95008647313597,182.07850639785798,32.865941887751966
28000,0.03966194247404707,4.678822797441894E-6,0.10367668406967293,184.93434946822907,182.10734892861979,32.865891156431076
28000,0.039775210838280756,8.02742288411998E-6,0.04541116356614719,68.57046400610693,182.34437373318443,32.865420233792975
28000,0.0396713019214828,1.088471696229406E-5,0.017210333626519483,54.74619935080113,182.13863990447643,32.86562096092159
28000,0.03951828694365647,0.0,0.1333307255071815,365.406898405619,181.81407449029064,32.86674121046056
28000,0.039749914194326615,9.166147519293859E-5,0.024399857708728483,29.546903906596963,182.46882132914533,32.86352751531977
28000,0.03950241015120576,1.920207383390801E-6,0.10328638713880406,50.730974220299565,181.78896250354148,32.86675042646563
28000,0.039548435600780606,0.0,1.416818252835219,95854.30384693116,181.87118671777145,32.86655304032734
28000,0.039651545729383286,2.9299397203447286E-6,0.09210566871000705,94.05925867704886,182.08029210493575,32.86593528287724
28000,0.03953291732470074,1.8693332800220073E-6,0.10973199682626686,52.99483076433282,181.84641216364608,32.866557131120196
28000,0.039521792334617806,1.870254417466395E-6,0.1108685994381723,44.170342777165864,181.82507336325244,32.86662190367994
28000,0.03960569100818635,4.6501045434851625E-6,0.14264046144393797,218.94907868876498,181.9965506120761,32.86614157666061
28000,0.039612256261660914,4.660117299173134E-6,0.13357038644464775,218.05127346640322,182.00940688109642,32.86611170580197
28000,0.03953082298757517,1.8226896174368285E-6,0.110380497126759,52.73472799260306,181.8423193781423,32.86657197511305
28000,0.03943589144016497,0.0,0.009517746370213036,18405.112351213433,181.66124916045027,32.86733121897295
28000,0.03942995530924233,0.0,0.02130415566623573,28138.269271538662,181.65042350473936,32.86737799222616
28000,0.03795070923491263,1.4030051599672662E-4,0.7154132002028084,99180.58758569468,179.76260294397892,32.880418435975265
28000,0.0366578065236459,2.509555341532951E-4,1.1893235449933588,83801.29353781768,178.93495454928578,33.02283902083135
28000,0.038646960938229516,1.21758641905456E-4,0.5341800494673672,98130.48073969249,180.5846765608392,32.87326346248611
28000,0.038518584823975015,1.2423564407689495E-4,0.5741682291039345,91876.24196527505,180.40831016951628,32.874524242628596
28000,0.036615791968214476,2.694946975093969E-4,1.1570150350630732,88482.11424084712,178.93249330652947,33.03059721530363
28000,0.038177749486027326,1.347719183565081E-4,0.6807870026312732,84327.06743091744,179.98939830752306,32.87803938442313
28000,0.03891117593748262,7.526009902678548E-5,0.5552076727753337,98724.69236287802,180.89771416301326,32.87128030501747
28000,0.03864925525088138,1.1810144006867262E-4,0.5661107804497985,99531.5035590719,180.57449679734728,32.87334498932013
28000,0.036659159195606236,2.295164611821781E-4,1.1878722828520345,84941.50579069683,178.94932477222684,32.98852476826704
28000,0.039402721838020974,1.0618336381588591E-6,0.5291661228908267,98057.20415544025,181.60283710567413,32.86759204716646
28000,0.03752391207259682,1.3330299128286557E-4,0.8574405632625439,46743.70707496469,179.39796455085545,32.88570853565683
28000,0.03866188406874358,1.1930639331218588E-4,0.5612643347942149,95482.1549566821,180.5944785950267,32.87321557408046
28000,0.038527713214603784,1.2500409881250067E-4,0.5820482540210027,91294.22240843008,180.41826463208568,32.87444421290747
28000,0.03949969944638767,0.0,0.4083366310846621,74283.81066179524,181.77918159991466,32.86686463727048
28000,0.037956696319425325,1.1354952265538641E-4,0.8071792393668188,65744.30450465887,179.72515217560496,32.88088255748091
28000,0.03939798553796872,0.0,0.4415002740288969,77309.48612532386,181.59254747546157,32.86763971649927
28000,0.039439994930819844,1.1522591623826394E-6,0.1344750323533714,97673.02270285091,181.67105309660948,32.867289835795376
28000,0.03851168727499124,1.248772738857648E-4,0.5806250791542964,91265.91201285596,180.3983201735297,32.87459408899155
28000,0.03905600845361797,6.294300759970155E-5,0.4688690684609756,91587.97730303131,181.11745277209874,32.87003185992922
28000,0.039070757947988005,7.146231618673967E-5,0.4658452212914019,89332.01691148737,181.15532685005087,32.869822275018905
28000,0.036613717968310554,2.6616902931537767E-4,1.1870792734689577,71806.51926928216,178.92891814840976,33.04610712351526
28000,0.0386961082255537,9.356473972509723E-5,0.5869606468631878,98496.36148185622,180.60440373114866,32.87314597675534
28000,0.03949444939778219,0.0,0.5436944697496016,97668.32310486048,181.7693700897703,32.86690052180505
28000,0.03664262589445911,2.4121749130461925E-4,1.1693551024410376,82157.96235800597,178.9459244986679,32.99534298150409
28000,0.039063976190695425,6.285428413212591E-5,0.49131057073558243,90201.55054001452,181.12743711634684,32.86997146896538
28000,0.039489286239948684,0.0,5.2995520195431975,90691.00437819277,181.7597398739442,32.86693625132811
28000,0.03793203990464805,1.112867641869403E-4,0.8256117233034505,66775.76618349501,179.6972622183407,32.88122782726825
28000,0.03955620486652511,0.0,1.8876243836830553,95754.38470043655,181.88600796137752,32.8665069647225
28000,0.038300721812878497,1.4025388684076308E-4,0.6223599484201087,89202.47125630894,180.14782046828782,32.87659810158511
28000,0.037930173653786446,1.4669099161730204E-4,0.7025976941734795,89271.48017398926,179.75295929409035,32.88053764690723
28000,0.036698970105611795,1.8076537119298569E-4,1.0822735557946026,89517.96995179799,179.03431099295804,32.91153171294145
28000,0.03900520881810494,6.313454669806014E-5,0.5475876799396617,96537.21865548955,181.02687579776662,32.87053329110596
28000,0.03669275079303052,2.179619920920085E-4,1.194461548315902,82019.06581649711,178.95657523796362,32.976720397644115
28000,0.03925136561344406,2.5153005222965884E-5,0.5137691443983118,97073.75060796729,181.37657410124302,32.86867918589971
28000,0.036673951755008094,2.3373914462329273E-4,1.2004324562793964,84711.73166895797,178.943229056725,33.0019159099254
28000,0.03942266126113708,1.9336664177107045E-6,7.439022721806741E-4,25884.24276004194,181.64075610930817,32.86742078078246
28000,0.036640106571836493,2.51755225366673E-4,1.1762941065330597,83514.38491668167,178.93745569950588,33.01530479142394
28000,0.03896308290049569,6.937961306118408E-5,0.5331849723733155,92280.45703812002,180.9724900942984,32.870843562884886
28000,0.03663898021753446,2.821648025048543E-4,1.1934737191713722,70594.7709051566,178.92213326284784,33.083537287431845
28000,0.039392803109457884,0.0,0.4555229940887865,98516.43074037724,181.58323338349805,32.8676837011744
28000,0.03718764450375317,1.323245381460035E-4,0.9344857995536366,58875.71163391344,179.22027475587785,32.889973034408065
28000,0.03754042420767328,1.3500938739739585E-4,0.854904230193815,46003.82147711209,179.40771548742373,32.885536626051746
28000,0.036648797172277585,2.507864176196396E-4,1.1671814143138113,83536.89494068664,178.94005532234084,33.00871572451283
28000,0.03844182263898593,1.4010920967558304E-4,0.5788265994155571,98533.467466796,180.3281468124078,32.87512592206067
28000,0.038690104475828456,1.0504758852084547E-4,0.5693284411333137,99999.99999999999,180.61384573431133,32.87306813785363
28000,0.037911438719026316,1.156832416913843E-4,0.8065273166490982,66158.14529732117,179.6876558431056,32.881341230969106
28000,0.03662840557385493,2.7007099015604247E-4,1.1654412513616934,89308.12843575639,178.93013305217326,33.03807608628404
28000,0.037953874316059524,1.4757445442695335E-4,0.704022999508357,89018.30742591088,179.77312177000715,32.88029134020459
28000,0.036701524101644054,1.7545448417470195E-4,1.1989890290403276,86383.99780735245,178.99862805147342,32.93091722650526
28000,0.03940897016080891,0.0,7.649415247690272,81780.05810196795,181.61235211705417,32.86754792314514
28000,0.03817206500631361,1.3229363103983854E-4,0.686910718606003,84118.64471372386,179.97972440505134,32.878130794424564
28000,0.03974920041082666,9.336895507302813E-5,0.026659768679027855,22.52450787033801,182.45682418485222,32.863885707432004
28000,0.03666667318501254,2.1732273757989648E-4,1.2121581801328847,81562.89184647363,178.953266875762,32.98272776605815
28000,0.03843515392488008,1.4888733195605517E-4,0.5533641504886532,87978.5523195245,180.33817984574247,32.87505034909053
28000,0.039413334726173664,6.029900830326917E-6,0.4492709537685836,76581.11601051033,181.63128841491147,32.867470815064635
28000,0.039414205407561825,0.0,0.0,24138.653477943455,181.62182088664082,32.8675048618221
28000,0.03871457622646109,9.198789700482266E-5,0.6058469160922729,98592.8134548752,180.6234004005947,32.873010389130485
28000,0.039561197014889256,2.2295618027590457E-9,5.327285529050171,89851.91648921135,181.89555102819278,32.86647922530998
28000,0.03855878778080299,1.2091295767010276E-4,0.5710315398798801,93088.31949903743,180.45690547215477,32.874164120413575
28000,0.03888677800989745,9.1810657727964E-5,0.5319617586592217,99998.23675088372,180.88802450272786,32.87134681567159
28000,0.03668792506954802,1.7426351374894431E-4,1.1862173999736385,88625.55794307463,179.0042937755377,32.92680389792284
28000,0.0390914304249747,5.963228764903684E-5,0.5028424595176746,99177.39792780302,181.1652928810032,32.869770695421394
28000,0.0387045552051632,1.0373302451011166E-4,0.5672778028436092,99142.30558098719,180.6327002500919,32.87294228390526
28000,0.03665014803572513,2.1155690995300447E-4,1.2043500031120777,77737.78570047929,178.96070898185835,32.97089693313909
28000,0.03864187963198756,1.183245652691358E-4,0.5660122553095954,98754.20896666178,180.56484451938456,32.87340783033531
28000,0.037338058638328765,1.3377667617721071E-4,0.8967810064195493,54407.92844013678,179.2900822674805,32.888005650297714
28000,0.03871879685396113,1.0529873087127082E-4,0.5524882876268256,100000.0,180.65804034847795,32.87277344517642
28000,0.03830167502407159,1.4333775433484315E-4,0.6054670945663481,83608.06136455477,180.15793984591184,32.87651766847049
28000,0.03735072045491555,1.4022584366437106E-4,0.8799774154096696,55724.925793483795,179.2994089183331,32.88777050184862
28000,0.037276108192834605,1.2217583647495902E-4,0.9585994332714378,99741.52240823743,179.24715117709874,32.889122370800486
28000,0.03676263813150217,1.4387689074871315E-4,1.1531285619840697,86374.7558543968,179.0545375491576,32.90457340423155
28000,0.038578774141162085,1.212300364274194E-4,0.5657510863984905,92176.41846655007,180.48472446413888,32.87396183221368
28000,0.03800906556714715,1.1722895915982029E-4,0.7806615889784787,66297.5333055663,179.78148519543583,32.880218131507306
28000,0.039445548744598276,1.1434818707506775E-6,0.5263175643650432,98440.5183462698,181.6808523354593,32.86725225994927
28000,0.039124299454988555,5.9065210578553345E-5,0.43885762629217345,100000.0,181.2250712004588,32.869447893580535
28000,0.03897263201044348,6.767948419415954E-5,0.5510771580361845,99998.555783245,180.98195609069302,32.870788861160385
28000,0.03857283183159909,1.1969514727021627E-4,0.5654725491024055,92723.3473687459,180.47533721397488,32.874033794650984
28000,0.03705020801436446,1.3530884883370252E-4,0.9822988592145377,55625.106647882545,179.16186794666328,32.892196696298704
28000,0.038424705003022884,1.4144898408211437E-4,0.5758116408977783,97374.56254758367,180.30980525709154,32.87526762636189
28000,0.03859734238020766,1.1305117185659891E-4,0.5861241085377784,99918.8269049834,180.4939427367612,32.873896046783656
28000,0.03720875382882606,1.3325483529815754E-4,0.926688751467079,58004.07034740889,179.2295628532378,32.889675464548766
28000,0.03791305109414298,1.4791790111511326E-4,0.7110601973246846,88970.24232713318,179.73504071140914,32.88073606361279
28000,0.03895189936989624,7.512415049100522E-5,0.5362568984078567,94314.91768704598,180.96287549452026,32.87089770989084
28000,0.03851015147555065,1.1820617192983394E-4,0.5824446874197079,91711.36198700027,180.38884753546873,32.874690335649866
28000,0.037069873724373995,1.3287551340492016E-4,0.9777846686152563,49591.2162306592,179.17063555866196,32.891819131315756
28000,0.036605203925540904,2.9015095368618106E-4,1.1658576037965909,90803.45398390817,178.92265330778815,33.073734180505696
28000,0.039077335151731646,5.962376016519066E-5,0.47382311779518727,100000.0,181.14582621150365,32.86987421013664
28000,0.037900351680144946,1.3657503647234603E-4,0.743573980013902,89786.82933130537,179.70680002687115,32.881075419679824
28000,0.03909817438570584,6.21932182342991E-5,0.476096816878512,100000.0,181.18352559172092,32.869669590368915
28000,0.038570969817275674,1.1539680305795786E-4,0.5722384865449028,92772.05352054526,180.46620054704692,32.874107976677855
28000,0.03764262939768491,1.4045813213285063E-4,0.8100671324784843,52354.082745089545,179.488454031284,32.884131744112466
28000,0.03829254629200946,1.406031892509976E-4,0.6229817706762008,89315.40244261373,180.1387558426504,32.87667632639881
28000,0.037912421750815856,1.3870910221071666E-4,0.7474425233132048,90057.54539577746,179.71557214597456,32.88097009126677
28000,0.03946590492758206,0.0,0.024676844533393125,27042.78879197965,181.716364316188,32.867103494342054
28000,0.03767472926780054,1.3408228411023913E-4,0.8371142749169964,54724.37016773731,179.49786206474855,32.884036666871246
28000,0.03811022826015749,1.354514485581085E-4,0.6846808249193724,86211.28877330312,179.9205754621525,32.87871817862022
28000,0.03897540072241359,6.874990114856158E-5,0.5302301994643289,92354.99777052763,180.99107872630466,32.87073556485524
28000,0.03790051946199112,1.1719169970783481E-4,0.8075139360475767,64127.39580972878,179.67838864445403,32.88145334694274
28000,0.038946660486006104,7.017084840286847E-5,0.5552185342596947,100000.0,180.94474287182564,32.87100415253642
28000,0.039069788317097204,6.255612409450236E-5,0.4868335649686278,98001.24470052333,181.13682318685505,32.86991982719957
28000,0.03843180860490367,1.424741377016866E-4,0.576584625808015,97676.80906454477,180.3191839770183,32.875195858046155
28000,0.038750344822472464,9.30125357030348E-5,0.5762922939944504,96394.91151015535,180.68152221307898,32.872624147464485
28000,0.03667632820263699,1.8208673419094654E-4,1.1932280979043914,75455.76307767999,178.99347269083523,32.93505709187742
28000,0.038184311073552205,1.3173821877553502E-4,0.6674458559055106,84361.6765593921,179.99958854142363,32.87795423387927
28000,0.03828672633443249,1.3769768314781397E-4,0.6244265930606919,86779.65441661255,180.12943375844117,32.87676257424574
28000,0.03914119530836155,5.359962955711922E-5,0.4435609892989784,100000.0,181.2432871235634,32.86935397872
28000,0.038945378803778866,6.302895975955995E-5,0.5936759383513069,100000.0,180.92698105898347,32.871114010942584
28000,0.03702258334051972,1.3291933510388982E-4,0.9969472074151062,56303.07610365697,179.15278664954752,32.892636810979624
28000,0.037851933136067495,1.2164826174483961E-4,0.8141730114236969,46265.25716852294,179.6373929075334,32.881994844463556
28000,0.0390449099277665,6.84600512059672E-5,0.473821117083044,89696.46210982774,181.1079211816868,32.870077200842886
28000,0.03813253923130158,9.625888060759273E-5,0.8133945369076151,55412.112095942866,179.88172852796626,32.879173759555044
28000,0.0390914439149249,6.226647866237412E-5,0.4629664603924765,98983.90075447237,181.17417011422734,32.86971771080968
28000,0.03736803073494902,1.3198303445076338E-4,0.8865138735254867,54709.94822360549,179.30848674413298,32.88759189790303
28000,0.038807556769285545,8.892803224708642E-5,0.5547415886315898,100000.0,180.76275255887808,32.8721046183284
28000,0.03669622367860888,1.956781530284374E-4,1.0998801195699255,87337.02294293162,179.01014290659919,32.92347737312112
28000,0.039122112273875784,6.636089723919282E-5,0.44064268366965387,97866.30517948893,181.2336711820535,32.86940562620501
28000,0.03694942287290323,1.259321714799573E-4,1.074667703834872,50297.74262411649,179.11941603938803,32.89484200973276
28000,0.0395660888920179,0.0,1.4012949972250044,95722.80972782512,181.90492476536843,32.86644978041237
28000,0.03863478557313647,1.1883685136896709E-4,0.5666172407197587,99275.8356377105,180.55572948817607,32.873469370566106
28000,0.03776360873243975,1.1540217537313182E-4,0.8422640117026523,53523.254260254915,179.56058386300091,32.88307478027019
28000,0.03894593425649024,7.52296825202788E-5,0.5355787009981959,94325.18943608984,180.95398606413892,32.870948367067605
28000,0.036698189870799994,1.8363348242743014E-4,1.2018650375717463,75009.3995958948,178.9885146100697,32.939269454545766
28000,0.03871745637643383,6.698937190432186E-4,0.0,8311.225079588798,181.57345342543576,32.86773045102919
28000,0.03827865503914769,1.387849004953915E-4,0.6269446043079614,83337.47908788695,180.1205080484312,32.876838813227195
28000,0.03916391845131743,5.156827932367952E-5,0.4392524889905366,100000.0,181.2779751127187,32.869172859733894
28000,0.03932337043811084,2.2152219067608682E-5,0.3294151324409099,99825.9027788125,181.50283173925098,32.86806032556958
28000,0.03826971412346965,1.3858721632930963E-4,0.6246059204417674,85886.44955621955,180.11138039460954,32.87692533860462
28000,0.03836177031827171,1.4724619891166589E-4,0.5779854484558875,88391.26484967198,180.2402726147857,32.87582812851326
28000,0.03667216967712849,1.8596782036007123E-4,1.2118428607886562,75012.47018926927,178.98400459820093,32.943824939961765
28000,0.03663239632610516,2.6576142911495076E-4,1.1978742422047877,89946.98391449936,178.92632541465935,33.05379166958115
28000,0.03723520451322412,1.3307120415044355E-4,0.9267868243246474,57626.208717344125,179.2383333096211,32.88939358918959
28000,0.03861622195893172,1.2507877070701048E-4,0.5370859495563884,99996.54975535783,180.5466906782991,32.87352492510915
28000,0.03827558883192016,1.3329552650632816E-4,0.6545404971463666,83532.52847118156,180.10247030132052,32.8769989830922
28000,0.03791967041938436,1.465944900265689E-4,0.7036238030997766,89017.45117998606,179.74353264140146,32.88065354725945
28000,0.03806925335328801,1.3874416679439508E-4,0.7118235778426016,100000.0,179.87112577267231,32.879238177586146
28000,0.03718482471255571,1.2713513832059988E-4,0.9645147808934633,57600.158889998485,179.21098266514377,32.890270127574794
28000,0.03670387072997842,1.6132534707933557E-4,1.2013830033690902,86550.90700848833,179.01599890868331,32.92019314951478
28000,0.03910379054351017,6.225540260931915E-5,0.47746864311106246,99962.51093193163,181.19263911500252,32.86962307631362
28000,0.03776123328547115,1.3253728726398783E-4,0.7927497174014458,52312.32678895596,179.5778634629958,32.88278845684451
28000,0.03923651432682482,6.1015401949255195E-5,0.2757972604060898,100000.0,181.42750250080704,32.86842340654518
28000,0.03670000573840261,1.600402322755768E-4,1.1703671663929789,86723.37109073096,179.0274546526082,32.91420238585149
28000,0.03898239587408029,6.994483902845261E-5,0.5501497886090878,99871.27471721439,181.00038496526088,32.87068885150357
28000,0.039022551970918605,6.526869259448278E-5,0.5178825724607234,100000.0,181.06153257846577,32.87033543745582
28000,0.038999366638209965,6.270984296030407E-5,0.5473592953984459,96613.41503985107,181.01717754669383,32.870588135550236
28000,0.03739875725433998,1.325813705863811E-4,0.8965052505020519,54296.9349434458,179.31733502560172,32.8873632323396
28000,0.03888928151695323,7.830915116850007E-5,0.5472186684517296,99785.20579556387,180.87037951097102,32.871443965849835
28000,0.038379163448837274,1.3947086291489212E-4,0.5877140743278085,96629.54484732005,180.249502339505,32.87575359286044
28000,0.03888582484727712,6.751096201046532E-5,0.5878149684954381,99770.58136111104,180.8439952760784,32.87161599235801
28000,0.038617086489155406,1.2133138983782605E-4,0.5571598435105912,98968.23043264075,180.53770680831403,32.87358678039982
28000,0.039451421128809776,0.0,6.604914522724719,91089.3820123692,181.68968786384696,32.86721156053087
28000,0.03694583460545792,1.3579935610172418E-4,1.0209727655925491,48503.47115548917,179.12790867056813,32.89414158966524
28000,0.037428117361441984,1.3281002849887405E-4,0.907175220514028,54228.04000068676,179.3261273622469,32.88725260286933
28000,0.038940947882770215,6.931246762584589E-5,0.5507710927660173,100000.0,180.93559636985626,32.871059083751476
28000,0.03816252952879571,1.315242718080236E-4,0.6846370359681615,84316.85980718392,179.97051548599708,32.878220132197356
28000,0.03922341913358783,6.0244052995586395E-5,0.2996646626462809,100000.0,181.40282100762613,32.86854389946493
28000,0.039479933245348105,3.991202863863781E-6,0.017215847808835075,29486.44026710712,181.75002212165526,32.866973834579234
28000,0.038615210923265336,1.0560297212561617E-4,0.608139369508336,98589.84719513102,180.50325279576853,32.87383454375996
28000,0.03745813511254546,1.3063710581361464E-4,0.8853820183309036,57244.089386376974,179.3516826634284,32.88661088459972
28000,0.03936505189088402,7.600326053512372E-6,0.42183004692971043,16164.841683372972,181.5480097336681,32.86784960733631
28000,0.03726525934667935,1.450376436834693E-4,0.8933772166831722,46229.157633503986,179.25660977763087,32.88891178904292
28000,0.038881280721968045,6.82342447166358E-5,0.6055329594432526,99597.28101531373,180.8349111694686,32.871666092214475
28000,0.03925966282864037,2.6965678310093248E-5,0.5200749277854018,99982.21526232199,181.39337050678324,32.86859716560648
28000,0.03666081181484742,2.1163627426373273E-4,1.189228237266656,81098.7275707345,178.96404271871722,32.96525863340406
28000,0.03946083748059845,0.0,0.028144339484455064,28511.786407502503,181.70701423035615,32.867140915276494
28000,0.039346570308073155,1.9629002260978186E-5,0.33803966840075594,97073.07329182044,181.53886040669445,32.86788900732567
28000,0.03888137116965268,7.935970298594957E-5,0.5418092391528856,95603.10569919454,180.86101232488792,32.87150272048719
28000,0.03831779141442005,1.4482872191190824E-4,0.610356449541841,99939.55310697523,180.17532654289917,32.87636366695169
28000,0.03924262602317404,2.8137145252039544E-5,0.521288082125851,99982.30652260003,181.36595419032585,32.86873231887549
28000,0.036676014835784115,1.7888866459930168E-4,1.072407431675062,90680.78626995678,179.04158258156565,32.90903075142493
28000,0.03689083815766502,1.4117608659488344E-4,1.030446944001298,74566.24226331626,179.1108424200411,32.89537641459978
28000,0.03887852050578472,9.211015071030011E-5,0.5179661722535525,100000.0,180.8788638165584,32.87138855196019
28000,0.038120617047865984,1.3808756684490856E-4,0.6897735976134669,84966.19381818257,179.93007011947435,32.878620499096954
28000,0.0386098230790852,1.2194393466450594E-4,0.556791792459756,98731.66296720851,180.52888460062528,32.873647909089044
28000,0.03700466246236114,1.283321999603401E-4,1.0230336139911136,47298.32672182442,179.144424518731,32.8931342702574
28000,0.03743057543006166,1.322912952003961E-4,0.8911521747385558,54137.029471238166,179.33482565760943,32.886978829922306
28000,0.03876688734486477,9.904791701746332E-5,0.5445442391596806,96397.31083520757,180.71972724120025,32.87237449203429
28000,0.03783930841161601,1.1858654394866137E-4,0.8128138226527433,52708.566347570384,179.6281154567549,32.882120800040944
28000,0.038788555500495925,1.0050883734299078E-4,0.5383365593371015,100000.0,180.75399501944736,32.87215547972743
28000,0.038416932500517816,1.4245987120056105E-4,0.5781262546734587,97637.75977274902,180.3006626496127,32.87533946002357
28000,0.03951646809146318,8.498630175806401E-5,0.0,92316.67229895385,181.97317180417872,32.8662583353607
28000,0.03778016594186611,1.1661600890959673E-4,0.849981546710119,52506.575007829764,179.56910587344186,32.882934054080735
28000,0.03880584169179347,9.752239034350844E-5,0.5508249107937506,99995.54183238918,180.77220517648882,32.8720485233851
28000,0.03831316787883334,1.4044525665667516E-4,0.6104062241741709,85006.96329920393,180.16648618676467,32.87644238577947
28000,0.039149293339149564,5.928252429627331E-5,0.41799291625115814,99131.45294141278,181.26871401794193,32.86921941050081
28000,0.039570704551779606,0.0,6.375503538806847,91260.70767276705,181.91378207012892,32.86642362635496
28000,0.039289666491791025,2.0133794438298324E-5,0.4605976743356902,97079.03343315357,181.43661981431933,32.86838245873633
28000,0.03694974990204485,1.2833507550554725E-4,1.0238465314249017,50688.39330471836,179.13610736619984,32.893650734679085
28000,0.03686070704424219,1.41203038205848E-4,1.0435834778321318,74803.0084780594,179.10294357393957,32.89611402456939
28000,0.03899944699951605,7.911170852188052E-5,0.48576050800758674,89666.82018959812,181.0508964754403,32.870393544835046
28000,0.038240169445175845,1.366872681150525E-4,0.6632757185453988,84693.51440183811,180.06304226123018,32.87736264943277
28000,0.038852928383145885,8.279425252316742E-5,0.5704310920018947,99837.1944227035,180.81780178553697,32.87176477369221
28000,0.03916956026916496,5.5236142698880894E-5,0.42250594127748364,100000.0,181.2951381184452,32.86908401457484
28000,0.03845673122439259,1.4690746470094924E-4,0.5513352988003763,88508.9643709596,180.36316686775785,32.874858323833685
28000,0.03812715527617979,1.3846493520087798E-4,0.6865152757713875,84601.25195594302,179.9380969945891,32.87854017931856
28000,0.03668332278690302,1.8259933783438718E-4,1.1087164764130635,89505.79981528109,179.02164616099017,32.91688742157821
28000,0.03813867451296499,1.3635861059587245E-4,0.6890898796730898,85885.93479723176,179.94734570338525,32.87844855081679
28000,0.03763729785934688,1.326739621011091E-4,0.8249517836288284,53344.93101893374,179.4795400529288,32.884275567177816
28000,0.03731945906583404,1.4087897046585705E-4,0.8905186914643546,56798.84972595718,179.28100978009945,32.888228421637706
28000,0.03662927658438723,1.76176623612722E-4,1.0716841894799938,90692.18062739163,179.0481104120937,32.90757926930291
28000,0.03820652174736433,1.3204568717841466E-4,0.6653253613148635,81334.24730513214,180.02365454834697,32.8777184927162
28000,0.03945630510708282,0.0,0.5291145953962759,97986.30602517108,181.69866673694486,32.86717473894011
28000,0.03803671359164849,1.413466329141816E-4,0.6986095825022766,98685.02299386365,179.84740243290605,32.879467086529665
28000,0.03900874444427502,6.50414885716863E-5,0.539154466513314,99989.18141984631,181.03636518609824,32.87047909542336
28000,0.03798180653470248,1.425554140936202E-4,0.7132748891243719,97184.35297049796,179.7916264975746,32.880078630516444
28000,0.03860362530360614,1.2074080707127525E-4,0.5539459549869165,93266.33901022779,180.52013832363448,32.873711797545326
28000,0.0376731826289286,1.2853016912288E-4,0.8174889416632429,52845.975944001344,179.5067374777978,32.88387585068193
28000,0.0387829162795303,1.0017489262564108E-4,0.539430482383101,99995.4279021169,180.7452093661179,32.87221063583855
28000,0.03913621179269525,6.296743378018832E-5,0.43306721091823364,98031.61225592592,181.2519807795808,32.8693078191955
28000,0.038376611308546915,1.316833817591351E-4,0.6104353924336522,86855.09222316291,180.2314652472819,32.87590024911555
28000,0.03959689569303523,0.0,5.810553900639508,91222.93871415032,181.9643253008269,32.866281856465264
28000,0.03917693766819173,4.474384034068083E-5,0.45551665536380204,99443.23084501398,181.28682549275774,32.86912938817234
28000,0.03846948263345126,1.4740688193442752E-4,0.5503146673065753,89413.85778662309,180.37985052337177,32.8747326254587
28000,0.039575192898434246,0.0,5.742847648567527,99999.79791092467,181.92240941246268,32.866398529689874
28000,0.037112582503498436,1.2731266215991542E-4,0.9744977069687979,57116.604232646874,179.1871703920433,32.89115915631622
28000,0.037987372257494434,1.628037168291272E-4,0.6591055700110298,80008.5204485227,179.8306413178843,32.879662779049525
28000,0.037741189374862344,1.275444421667247E-4,0.8221651999742751,51164.9112847775,179.55109720423232,32.88317747809539
28000,0.037808154760007255,1.2619572514128774E-4,0.7951573492506249,50917.290401108046,179.61156655781062,32.88233645019964
28000,0.03744506139577777,1.3059252858059508E-4,0.889649602044651,56966.623616114426,179.3433449017023,32.886787515811356
28000,0.03886002318527208,7.940727224900587E-5,0.558454604632183,97578.38953524562,180.82630605756052,32.8717135974898
28000,0.03785868030581416,1.2654314042596202E-4,0.7886782808568181,45954.96978144163,179.65342949317568,32.881776438837626
28000,0.039170188998351105,5.9521191432947336E-5,0.4164889159968005,100000.0,181.30420762587707,32.86903974844126
28000,0.03707641136912881,1.3099798972010393E-4,0.9644248225306755,48082.331444892094,179.17978314084195,32.89150485150944
28000,0.039579643908703874,0.0,9.5268740992472,0.1,181.93097895745709,32.866373969096955
28000,0.03779505261605645,1.315938657977469E-4,0.792205557778018,51872.50131161005,179.60295090274806,32.882437190362346
28000,0.039356342333357774,1.9776852456047356E-5,0.3352968741772925,99998.32023711423,181.55658236599632,32.867807186578105
28000,0.038255450784275294,1.2781091430821333E-4,0.6663374120518323,83019.05386973669,180.07235565997777,32.87726708615985
28000,0.039470838864355644,0.0,5.22534099624497,77258.15927927961,181.7254854245733,32.867067461020405
28000,0.038785429689800976,9.144518033036535E-5,0.5810017426751494,100000.0,180.7282602765788,32.872327687754996
28000,0.03887586258585681,7.923602082634062E-5,0.5413730998581521,95604.94545141183,180.85273149008847,32.871555572936934
28000,0.038547922462778654,1.1478426969002375E-4,0.599565607474939,92723.07708193791,180.42795232529863,32.8743745591324
28000,0.03676989769825186,1.4308221382797943E-4,1.1354072010970002,72361.56410919245,179.0619999000388,32.902719295743815
28000,0.03879071304389809,9.048788806613402E-5,0.5717405062066895,99994.57004601555,180.7367743628704,32.87226837545675
28000,0.03932473334312553,1.798916335953547E-5,0.46401466706233696,91130.40707172774,181.49408043140485,32.8681037180406
28000,0.037457387906784455,1.35488081486967E-4,0.8600400797829151,49271.554306486316,179.36082231830028,32.88643495878435
28000,0.03859542099309821,1.227188061734249E-4,0.5536139063932173,99636.70968956704,180.5116625580361,32.87376964305213
28000,0.03903936159678732,6.973853656064607E-5,0.48788733975105103,97574.54419930284,181.09918698862265,32.87012498639144
28000,0.037549370174336,1.3497031957724782E-4,0.8461490285359545,46530.81583056937,179.41678472468092,32.88535988094398
28000,0.0378138333281,1.092890154077696E-4,0.8720741253092223,51642.35036224424,179.58690474686912,32.882707544592016
28000,0.03729711143475687,1.4086715656325694E-4,0.8885716493696504,56644.32579925134,179.27308167882686,32.88842483971296
28000,0.03730858729092987,1.2141010403379127E-4,0.9474064504181025,100000.0,179.2644771098375,32.8886563223369
28000,0.03803541876616057,1.303433098801749E-4,0.703941742996571,96999.77263675185,179.83933524869704,32.87961619000473
28000,0.03872776534791012,6.549137505367471E-4,0.0,10105.724806679058,181.5650926819359,32.86777087842026
28000,0.03929829640762336,1.726183734780693E-5,0.509868052446488,97818.29424130899,181.44495191417892,32.86834222469307
28000,0.039584083022696635,0.0,6.335199825704855,98138.49799378321,181.93953945244928,32.86634979891431
28000,0.036678208313316196,2.165888758128609E-4,1.1594968100051466,87842.32497459138,178.96763102021882,32.96004646142984
28000,0.03899473467499826,6.244904876392367E-5,0.551374680615251,96735.81548037015,181.00899078718265,32.870635181471776
28000,0.03925566873467279,2.617353367869939E-5,0.521899324377548,99982.13838040066,181.3851280716194,32.86863697298887
28000,0.03761897324220069,1.4017365983272833E-4,0.8147702662304359,53145.35729131562,179.47130121201204,32.8844068682355
28000,0.03930792315343544,2.783306508126467E-5,0.36016534128834243,99844.78756713666,181.4858514426261,32.8681401861501
28000,0.03662101765552358,3.0333616534389805E-4,1.198202038991457,85436.19805187141,178.91761088439264,33.13227724320324
28000,0.03679929084371713,1.415620850813514E-4,1.0551951509088258,74802.90321817697,179.095006516764,32.897035348747146
28000,0.039145775397655874,5.878526465316191E-5,0.43462191052144006,100000.0,181.26052756687668,32.86926248542735
28000,0.03848936482784954,1.2513159501042478E-4,0.5772010222944204,93320.33914375928,180.37171753380264,32.874807170774105
28000,0.03661655334857466,3.029073203587689E-4,1.1836308476449056,84832.95431418945,178.91821224161004,33.11674683685113
28000,0.039290946817517075,2.61029256861874E-5,0.3362809334372222,99967.95064928959,181.45346901082823,32.86830261883574
28000,0.037831016984327115,1.2176727509428988E-4,0.8163735323955855,56698.2491122801,179.61995159091893,32.882212147316054
28000,0.0391068560957515,6.33399853973879E-5,0.459070036404685,100000.0,181.20151500698324,32.86957269403078
28000,0.036608366306181576,2.0669507779331195E-4,1.162252916936613,87911.7642985069,178.97938949307718,32.94832156454079
28000,0.03947972395652806,0.0,0.13524889541139484,97118.76841932362,181.74195402931278,32.86700357190749
28000,0.037624774811295406,1.3209093634955043E-4,0.8455256595201797,43210.98515620847,179.4629927002194,32.88457986959515
28000,0.03883884944035237,8.781765754789679E-5,0.5445838448164942,100000.0,180.80892813463478,32.8718152260717
28000,0.038760535805951485,8.975733578693491E-5,0.5793836954252782,96485.62958489302,180.69128108743234,32.8725627400349
28000,0.038198582838976695,1.4404041571391434E-4,0.643657030862189,96128.7316227121,180.03176071003517,32.877634230088276
28000,0.03760968417879824,1.3036680916250155E-4,0.8436231344320946,43320.63597092996,179.45502446904746,32.88469853044847
28000,0.03885149830063987,6.23642397649741E-4,0.0,10023.919349813612,181.7334519784142,32.86703636762116
28000,0.03959256995202057,0.0,5.181204877539143,100000.0,181.9559443588119,32.86630449236766
28000,0.03804815580355652,1.390908167435405E-4,0.7003050062961502,88399.28850171977,179.85646782941825,32.8793735431024
28000,0.039035925607212675,6.822971347404676E-5,0.49039477132889225,100000.0,181.09101196045128,32.87016977114053
28000,0.03920121463058497,4.034884489343761E-5,0.4583551305935126,99294.08168973707,181.31998877601717,32.8689598847436
28000,0.03958838177020806,0.0,5.819791784630083,89891.86113141969,181.94784244615363,32.866326702238936
28000,0.03680207987904325,1.4827284282259955E-4,1.0813537432039586,86188.41627600172,179.07539761335156,32.89987800002726
28000,0.03922778931048862,6.405784166774571E-5,0.2543063661784973,98023.78813947084,181.41868317023528,32.86847003736787
28000,0.037695942361890576,1.2916923150994394E-4,0.8330731041461934,52064.225944262296,179.5148930688242,32.883724461552234
28000,0.038803059571951806,1.0484561644647716E-4,0.5404429344594621,98914.2010966276,180.78020388539784,32.87201191663603
28000,0.03799545025625922,1.4279149325636926E-4,0.7049223617899076,97012.54600652982,179.8075891770171,32.87990070395275
28000,0.038319086457367535,1.4897549496716106E-4,0.6012857638385576,88275.09212261072,180.18409266094278,32.87629408096066
28000,0.03845862003341976,1.3721396431352496E-4,0.574845418588072,99164.13409100748,180.34704844955414,32.87497843881945
28000,0.037786448334692746,1.262861049737311E-4,0.796843780208564,52839.65925195434,179.59463860724432,32.88257719381496
28000,0.03930442925782235,2.004046458481653E-5,0.4742631063298922,100000.0,181.46166660492958,32.868259268952876
28000,0.037850890729905634,1.2650633824974E-4,0.7911829463340149,45920.10875122636,179.64624432320863,32.881869821124425
28000,0.03930256490985151,2.8189425769351654E-5,0.3538274026759105,99527.39500841871,181.47730845135794,32.8681813598822
28000,0.03677529358071292,1.3995380704949161E-4,1.1299946498992772,74675.1257079573,179.0683675629211,32.90128678674045
28000,0.03844904223322209,1.4790636156399335E-4,0.5525422036878256,89283.98441987214,180.35437725202024,32.87492529058191
28000,0.0383694206168829,1.3178778946111773E-4,0.6107366025603731,86893.60757185017,180.22308651247664,32.87597109366995
28000,0.037137222951962305,1.3097936441964708E-4,0.9599640492694728,49510.01288679156,179.19632560353352,32.89080140983082
28000,0.038367982838298086,1.3168370814786994E-4,0.6274875308320836,86580.5127087241,180.21538096501607,32.87603158449248
28000,0.037884236289206646,1.1965360074961489E-4,0.8130780740696585,52814.617509695876,179.66323203572068,32.88165519974428
28000,0.03798161611979859,1.4556796726718994E-4,0.6999080264162238,88868.51004003207,179.7986355979633,32.88000385642283
28000,0.03816713083265535,1.5351882544146806E-4,0.6228837114842063,89032.71210571373,180.01452602231495,32.877805295947994
28000,0.03662270108953893,2.9859794071948804E-4,1.2013179520124466,85536.1970236125,178.91790895799247,33.12465386705427
28000,0.038833293951112895,8.2340313157718E-5,0.5704627327978679,99855.5618013536,180.78846741911266,32.871944991493386
28000,0.0382142008691802,1.433380877322328E-4,0.6623352105895517,96629.05625371891,180.04007744527237,32.87759417981974
28000,0.03919277512505059,5.236474031491158E-5,0.42961109126141894,98626.55172026552,181.32864212299322,32.86891697778911
28000,0.03854123350650995,1.2210049628922476E-4,0.5724091501210444,93365.37467562333,180.43527373626162,32.874323695211736
28000,0.03835318190797947,1.3739113550484012E-4,0.6169208073347296,84999.53886284349,180.20704929462593,32.87610029576971
28000,0.03877004595199011,9.410437417374339E-5,0.5762372750802485,96442.39118296851,180.71069051491196,32.87243763928502
28000,0.038011152046120586,1.4268033290934002E-4,0.7037860066593697,99980.60014468033,179.8222145459073,32.879739034758444
28000,0.03810276625335492,1.3804864323828226E-4,0.6917611468343869,85855.49600723323,179.91171565064596,32.878802102034086
28000,0.03873471355548045,1.0136406600470143E-4,0.562707443946842,99216.9941942115,180.67291310232056,32.872677433489436
28000,0.03871104653644271,1.0524696819341117E-4,0.553556709672294,100000.0,180.64694482606052,32.8728473018431
28000,0.03892834071653036,6.806101738316245E-5,0.59089346034231,100000.0,180.90788300350718,32.87122779101056
28000,0.0392238560150692,6.387087169712203E-5,0.2770315507539128,99930.44625824864,181.41114245495268,32.86850413896188
28000,0.03911795877960028,5.960919165408606E-5,0.4442010118275532,97880.17595519232,181.21505812330219,32.86950064984355
28000,0.03671569114069375,2.1495316619223926E-4,1.15099673284657,88462.67549180787,178.97178298521806,32.95609970646496
28000,0.0375100827506937,1.3638631293474277E-4,0.8597006933130307,46634.13471332139,179.38822209741878,32.88590633331197
28000,0.038225898897437494,1.4738908348671856E-4,0.6016225912941393,73387.37293495922,180.08008620900495,32.87725179150762
28000,0.039194275806443246,4.2503750267659106E-5,0.45413121267884654,99069.5418876881,181.31225445487016,32.86899878627229
28000,0.037582095426612,1.4127064153581347E-4,0.8187522110827881,53263.04000733692,179.44669464233334,32.88481939364594
28000,0.0375715880672292,1.2922881680137358E-4,0.8620981088824499,44871.5302064604,179.4244135008826,32.88523356844602
28000,0.03664245122579198,2.7495490118422685E-4,1.1911006263276094,70740.51255924636,178.92455918841944,33.06735830634862
28000,0.039301277095774814,2.551145239774042E-5,0.36491195274030197,99609.7380905261,181.4696875142286,32.86821915131343
28000,0.03833026485450506,1.4813845160826762E-4,0.5922891569031697,88695.59245842595,180.1994743787223,32.87616162416869
28000,0.03839718893407267,1.4440099167853336E-4,0.5774877208865705,96695.96257716541,180.279237368972,32.875509552183246
28000,0.03814854293548914,9.612039470659832E-5,0.8144453755734643,56075.4458732377,179.89687690291314,32.87901326412221
28000,0.039211368251869605,4.83900553673481E-5,0.4533391535778792,98438.99255577003,181.35134775411288,32.868811506466294
28000,0.03834422582985426,1.364546584441273E-4,0.6288352889811293,85776.9947507511,180.19152405057764,32.876237554145476
28000,0.03822830808862501,1.3664715476925868E-4,0.6514233965214813,84090.77868283358,180.05502915318854,32.87742287730313
28000,0.03838786723830012,1.3898279037129365E-4,0.5911196649566177,96717.26290087632,180.25807741340898,32.87567961775307
28000,0.03920015003358865,5.3781802854077645E-5,0.4321519265950066,98614.75569004218,181.34341324485555,32.868849004350345
28000,0.03933505722984957,1.7248586112409486E-5,0.4211194365255025,97297.91707619125,181.5121926288413,32.86801584003172
28000,0.039672800310040515,1.1913223115910117E-5,0.017341630622710418,55.45732525322766,182.14445174847853,32.86558779254835
28000,0.03667803481371925,2.0773222490728536E-4,1.1626875123749738,87265.21424545332,178.97493058243086,32.951416655001296
28000,0.03772647063955395,1.2732161344156706E-4,0.8160285454120539,49937.99119976668,179.54356386435518,32.883295717837754
28000,0.03786629933890367,1.363060777911072E-4,0.7655749215478276,88138.86858715626,179.66934383412817,32.88154093538538
28000,0.03665312922472241,2.7137948993192275E-4,1.1908183148134375,89829.38897341564,178.9250581525945,33.06040400136746
28000,0.03807793117956602,1.3839027693455367E-4,0.6885717726466817,84598.19634300785,179.88928105974,32.87903475568679
28000,0.03902678482588616,7.369486015361927E-5,0.5053764249993585,90231.58260381072,181.08281240537258,32.87022651844419
28000,0.03756932167929429,1.3725225207647952E-4,0.8360094714058572,46512.51017344842,179.4323021794483,32.88508283763213
28000,0.03815408485847748,1.3526484290531956E-4,0.6895475021011886,85903.05430275538,179.96203168321352,32.87830722498863
28000,0.03772171583312281,1.3178829142098885E-4,0.8242071631284577,52327.03715214577,179.53595687040183,32.88341826868054
28000,0.03661429460563672,2.855035364054179E-4,1.1959469835418026,86815.14896910396,178.92039975352145,33.09066612313311
28000,0.0371232490620851,1.4971516598426474E-4,0.9041450985242155,53765.179981388355,179.20277124597214,32.89056845841987
28000,0.03823873344828359,1.2535281279366938E-4,0.6801443888655221,84126.48731454986,180.047697308902,32.87749198623237
28000,0.03817831225932092,1.4194379378397684E-4,0.6475921139502355,96683.61663897798,180.00766793916432,32.87786522401902
28000,0.038148291181174,1.0310533661616662E-4,0.7938459598319201,55321.8323602031,179.9047854777117,32.87891975762081
28000,0.03873134491555324,1.0051783306432514E-4,0.5689185262113154,96391.53931827645,180.66567051725178,32.87272616064408
28000,0.03659921109403221,2.9756546473004363E-4,1.1884373546389178,90498.77129387483,178.9185639812577,33.108507209493794
28000,0.03955110031153355,0.0,0.3953462251298152,73001.35465352319,181.87626534522073,32.866537125620845
28000,0.039197036268709615,5.2721252422122876E-5,0.4359493633823883,98478.16483466212,181.3359632629706,32.86888426394416
28000,0.0381424759366331,1.3458037787051716E-4,0.6763214448971111,83980.36253027369,179.95537548727484,32.87837423735058
28000,0.03805678787610085,1.3959879104538466E-4,0.7024246069076014,100000.0,179.8637412568583,32.87929529179731
28000,0.037968013484644736,1.632979397570734E-4,0.6561724072326922,80534.26485029235,179.81480707142236,32.87984296358252
28000,0.03952089554452817,8.704544705743127E-5,0.0,92145.51769549769,181.98578467932498,32.866225457883786
28000,0.03921044017762598,5.2028471233724484E-5,0.41841053199827144,96551.0022316587,181.35890795354965,32.86876737893975
28000,0.03757110610519199,1.4194899107689774E-4,0.8199430461623844,54433.517039935105,179.4394179408408,32.88494385680362
28000,0.03901934309707992,5.914276728810331E-5,0.5423603070398044,99263.06783139998,181.04414987724962,32.87043675895548
28000,0.038391111105656524,1.446181737613708E-4,0.5770675405077386,96690.86193713601,180.27238396669568,32.87556496910743
28000,0.03827161078749264,1.2929972836823902E-4,0.659596806368826,82901.8897312038,180.09339640364868,32.87707709110734
28000,0.03682409176856477,1.5148380100135688E-4,1.0568149883614344,76032.74347296254,179.08239917586397,32.898874734598124
28000,0.03750469343883431,1.239259821313719E-4,0.9100765106468635,57398.93777657113,179.36841848269023,32.886316976515026
28000,0.03677997960672511,1.4860460647706116E-4,1.0489516472425777,86227.473857547,179.08792297344365,32.89792431693162
28000,0.03838561725258641,1.4146306318353822E-4,0.570865689037146,97805.7548621408,180.26485684163924,32.87564710371269
28000,0.039333011051980574,2.7710020705917846E-5,0.3431177827556645,97075.19051587864,181.5303238601664,32.8679316098532
28000,0.03901339621525734,7.673977231232763E-5,0.4881937212066384,99363.75720998632,181.06878601201655,32.8702944975187
28000,0.038730023354724946,9.169060501997986E-5,0.6148492799612197,99379.0486362457,180.6422188117464,32.87289621010934
28000,0.03750615129898686,1.29174977723789E-4,0.8902184267077022,57987.81204612802,179.3750275197863,32.88616974593325
28000,0.03977177933543838,7.760711149168165E-6,0.04501658271414712,71.2773913521692,182.3367651171013,32.86543755198954
28000,0.03903254512914506,6.351471022128111E-5,0.5104756141110046,90149.72389854863,181.07580215416928,32.87025679911233
28000,0.037687600016807335,1.4013321771228876E-4,0.7997619821824267,53037.61750612372,179.52285002743642,32.883593415705214
28000,0.0391135565693409,6.26243669692868E-5,0.4775718125378049,99980.4798852623,181.20922957477873,32.869539915776215
28000,0.03893513945345054,6.495651091680819E-5,0.5731152903461729,96796.68603840312,180.91730701116975,32.871171362192406
28000,0.038269115334271714,1.2829762455781818E-4,0.6646186060869184,82794.15093925926,180.08810712490913,32.87712464403065
28000,0.03749643190303547,1.326100018952191E-4,0.8597878559075168,46729.75303177414,179.3823622451319,32.886012302626575
28000,0.0365864959252943,2.8976308919255125E-4,1.1945656488456065,90522.3955875782,178.91996536191277,33.09663282180613
28000,0.03770343204763065,1.2724007534170478E-4,0.8141635380237087,52785.30360612087,179.5285159535016,32.88354045458386
28000,0.036612490082157764,2.919708224948415E-4,1.1940865347963812,95723.82804828927,178.9188340176861,33.10243028229223
28000,0.03840712821940763,1.4439347016390364E-4,0.5863521906841762,97997.29675496773,180.2879184697042,32.875447303843146
28000,0.03855159552351198,1.2057064847199422E-4,0.5707412288854599,92702.8068624342,180.44736732507124,32.874237265049736
28000,0.03882358749085732,9.632850795008538E-5,0.5520350056369466,100000.0,180.7961880902303,32.8719061221074
28000,0.03841604480425488,1.3794363346241722E-4,0.5864204464560168,89576.07560954256,180.29230236962374,32.875406703315186
28000,0.038822532369192975,9.896659732348797E-5,0.5377893272421941,99571.00849237773,180.80134075187715,32.871867071635016
28000,0.038766071950397454,9.311713077677485E-5,0.5765075061796083,96393.98271275389,180.7037966481703,32.872480028937616
28000,0.039519752027641304,8.61872301524663E-5,0.0,92276.77661357989,181.9818892554803,32.86623552966614
28000,0.03875106362230172,1.0053393191277254E-4,0.5497236995230588,99953.86293116839,180.69797410278056,32.872513771289334
28000,0.039339057724976936,1.663750385024599E-5,0.4200389599120386,97190.75725183183,181.5181723729932,32.867987529752675
28000,0.03933905487530251,1.9165124413303658E-5,0.3435590876918152,94070.91029852002,181.52454640068373,32.86795647146596
28000,0.038550717029123244,1.19252094610102E-4,0.5738317004867141,92729.81188478641,180.4438894832424,32.874263959488864
